ortho	matches	percent
o1	3	100.0
o2	3	100.0
o3	3	100.0
o4	3	100.0
o5	2	66.6666666667
o6	3	100.0
o7	2	66.6666666667
o8	2	66.6666666667
o9	3	100.0
o10	3	100.0
o11	2	66.6666666667
o12	3	100.0
o13	3	100.0
o14	3	100.0
o15	3	100.0
o16	1	33.3333333333
o17	3	100.0
o18	3	100.0
o19	3	100.0
o20	3	100.0
o21	3	100.0
o22	3	100.0
o23	3	100.0
o24	3	100.0
o25	3	100.0
o26	2	66.6666666667
o27	3	100.0
o28	3	100.0
o29	1	33.3333333333
o30	3	100.0
o31	3	100.0
o32	3	100.0
o33	3	100.0
o34	2	66.6666666667
o35	3	100.0
o36	3	100.0
o37	3	100.0
o38	2	66.6666666667
o39	3	100.0
o40	2	66.6666666667
o41	3	100.0
o42	3	100.0
o43	3	100.0
o44	2	66.6666666667
o45	3	100.0
o46	3	100.0
o47	2	66.6666666667
o48	3	100.0
o49	3	100.0
o50	3	100.0
o51	3	100.0
o52	2	66.6666666667
o53	3	100.0
o54	2	66.6666666667
o55	3	100.0
o56	2	66.6666666667
o57	3	100.0
o58	3	100.0
o59	0	0.0
o60	3	100.0
o61	3	100.0
o62	3	100.0
o63	3	100.0
o64	3	100.0
o65	3	100.0
o66	2	66.6666666667
o67	3	100.0
o68	3	100.0
o69	3	100.0
o70	3	100.0
o71	3	100.0
o72	3	100.0
o73	3	100.0
o74	3	100.0
o75	3	100.0
o76	3	100.0
o77	3	100.0
o78	3	100.0
o79	2	66.6666666667
o80	3	100.0
o81	3	100.0
o82	3	100.0
o83	3	100.0
o84	3	100.0
o85	3	100.0
o86	3	100.0
o87	3	100.0
o88	3	100.0
o89	3	100.0
o90	2	66.6666666667
o91	3	100.0
o92	1	33.3333333333
o93	3	100.0
o94	3	100.0
o95	2	66.6666666667
o96	3	100.0
o97	3	100.0
o98	3	100.0
o99	2	66.6666666667
o100	3	100.0
o101	3	100.0
o102	3	100.0
o103	2	66.6666666667
o104	2	66.6666666667
o105	2	66.6666666667
o106	3	100.0
o107	3	100.0
o108	3	100.0
o109	3	100.0
o110	3	100.0
o111	2	66.6666666667
o112	2	66.6666666667
o113	2	66.6666666667
o114	3	100.0
o115	3	100.0
o116	3	100.0
o117	3	100.0
o118	0	0.0
o119	3	100.0
o120	2	66.6666666667
o121	3	100.0
o122	2	66.6666666667
o123	2	66.6666666667
o124	3	100.0
o125	3	100.0
o126	3	100.0
o127	3	100.0
o128	2	66.6666666667
o129	3	100.0
o130	3	100.0
o131	3	100.0
o132	3	100.0
o133	3	100.0
o134	3	100.0
o135	3	100.0
o136	3	100.0
o137	3	100.0
o138	2	66.6666666667
o139	3	100.0
o140	1	33.3333333333
o141	3	100.0
o142	3	100.0
o143	3	100.0
o144	3	100.0
o145	3	100.0
o146	3	100.0
o147	1	33.3333333333
o148	3	100.0
o149	3	100.0
o150	1	33.3333333333
o151	3	100.0
o152	3	100.0
o153	3	100.0
o154	1	33.3333333333
o155	1	33.3333333333
o156	3	100.0
o157	3	100.0
o158	3	100.0
o159	3	100.0
o160	3	100.0
o161	3	100.0
o162	3	100.0
o163	3	100.0
o164	3	100.0
o165	1	33.3333333333
o166	3	100.0
o167	3	100.0
o168	3	100.0
o169	3	100.0
o170	3	100.0
o171	3	100.0
o172	2	66.6666666667
o173	2	66.6666666667
o174	3	100.0
o175	1	33.3333333333
o176	2	66.6666666667
o177	2	66.6666666667
o178	3	100.0
o179	3	100.0
o180	3	100.0
o181	3	100.0
o182	2	66.6666666667
o183	2	66.6666666667
o184	3	100.0
o185	3	100.0
o186	3	100.0
o187	3	100.0
o188	3	100.0
o189	1	33.3333333333
o190	3	100.0
o191	2	66.6666666667
o192	3	100.0
o193	3	100.0
o194	3	100.0
o195	3	100.0
o196	2	66.6666666667
o197	3	100.0
o198	2	66.6666666667
o199	3	100.0
o200	2	66.6666666667
o201	3	100.0
o202	3	100.0
o203	2	66.6666666667
o204	2	66.6666666667
o205	3	100.0
o206	3	100.0
o207	3	100.0
o208	2	66.6666666667
o209	3	100.0
o210	2	66.6666666667
o211	3	100.0
o212	2	66.6666666667
o213	3	100.0
o214	3	100.0
o215	3	100.0
o216	3	100.0
o217	3	100.0
o218	3	100.0
o219	3	100.0
o220	3	100.0
o221	2	66.6666666667
o222	2	66.6666666667
o223	3	100.0
o224	2	66.6666666667
o225	3	100.0
o226	1	33.3333333333
o227	3	100.0
o228	3	100.0
o229	1	33.3333333333
o230	3	100.0
o231	2	66.6666666667
o232	3	100.0
o233	3	100.0
o234	3	100.0
o235	3	100.0
o236	3	100.0
o237	2	66.6666666667
o238	3	100.0
o239	2	66.6666666667
o240	3	100.0
o241	2	66.6666666667
o242	3	100.0
o243	3	100.0
o244	3	100.0
o245	3	100.0
o246	2	66.6666666667
o247	0	0.0
o248	2	66.6666666667
o249	3	100.0
o250	3	100.0
o251	3	100.0
o252	3	100.0
o253	3	100.0
o254	3	100.0
o255	3	100.0
o256	3	100.0
o257	3	100.0
o258	3	100.0
o259	3	100.0
o260	3	100.0
o261	3	100.0
o262	3	100.0
o263	3	100.0
o264	3	100.0
o265	3	100.0
o266	3	100.0
o267	3	100.0
o268	3	100.0
o269	3	100.0
o270	3	100.0
o271	3	100.0
o272	3	100.0
o273	3	100.0
o274	3	100.0
o275	3	100.0
o276	3	100.0
o277	2	66.6666666667
o278	3	100.0
o279	3	100.0
o280	3	100.0
o281	3	100.0
o282	3	100.0
o283	3	100.0
o284	2	66.6666666667
o285	3	100.0
o286	1	33.3333333333
o287	3	100.0
o288	3	100.0
o289	3	100.0
o290	2	66.6666666667
o291	3	100.0
o292	3	100.0
o293	2	66.6666666667
o294	3	100.0
o295	1	33.3333333333
o296	1	33.3333333333
o297	3	100.0
o298	3	100.0
o299	1	33.3333333333
o300	3	100.0
o301	3	100.0
o302	3	100.0
o303	3	100.0
o304	3	100.0
o305	3	100.0
o306	3	100.0
o307	2	66.6666666667
o308	1	33.3333333333
o309	2	66.6666666667
o310	3	100.0
o311	3	100.0
o312	3	100.0
o313	3	100.0
o314	3	100.0
o315	3	100.0
o316	3	100.0
o317	3	100.0
o318	3	100.0
o319	3	100.0
o320	3	100.0
o321	3	100.0
o322	3	100.0
o323	3	100.0
o324	3	100.0
o325	2	66.6666666667
o326	3	100.0
o327	3	100.0
o328	3	100.0
o329	3	100.0
o330	2	66.6666666667
o331	3	100.0
o332	2	66.6666666667
o333	3	100.0
o334	3	100.0
o335	1	33.3333333333
o336	3	100.0
o337	3	100.0
o338	3	100.0
o339	3	100.0
o340	3	100.0
o341	2	66.6666666667
o342	3	100.0
o343	3	100.0
o344	2	66.6666666667
o345	2	66.6666666667
o346	2	66.6666666667
o347	3	100.0
o348	3	100.0
o349	3	100.0
o350	3	100.0
o351	3	100.0
o352	2	66.6666666667
o353	3	100.0
o354	2	66.6666666667
o355	3	100.0
o356	3	100.0
o357	3	100.0
o358	3	100.0
o359	3	100.0
o360	2	66.6666666667
o361	3	100.0
o362	2	66.6666666667
o363	3	100.0
o364	1	33.3333333333
o365	2	66.6666666667
o366	3	100.0
o367	2	66.6666666667
o368	2	66.6666666667
o369	3	100.0
o370	3	100.0
o371	3	100.0
o372	2	66.6666666667
o373	1	33.3333333333
o374	3	100.0
o375	1	33.3333333333
o376	3	100.0
o377	3	100.0
o378	3	100.0
o379	3	100.0
o380	2	66.6666666667
o381	1	33.3333333333
o382	1	33.3333333333
o383	1	33.3333333333
o384	3	100.0
o385	3	100.0
o386	3	100.0
o387	3	100.0
o388	3	100.0
o389	3	100.0
o390	3	100.0
o391	3	100.0
o392	3	100.0
o393	1	33.3333333333
o394	2	66.6666666667
o395	3	100.0
o396	2	66.6666666667
o397	2	66.6666666667
o398	3	100.0
o399	3	100.0
o400	2	66.6666666667
o401	2	66.6666666667
o402	3	100.0
o403	1	33.3333333333
o404	3	100.0
o405	3	100.0
o406	3	100.0
o407	3	100.0
o408	3	100.0
o409	3	100.0
o410	3	100.0
o411	3	100.0
o412	3	100.0
o413	3	100.0
o414	3	100.0
o415	2	66.6666666667
o416	3	100.0
o417	3	100.0
o418	3	100.0
o419	1	33.3333333333
o420	3	100.0
o421	3	100.0
o422	2	66.6666666667
o423	3	100.0
o424	1	33.3333333333
o425	3	100.0
o426	3	100.0
o427	3	100.0
o428	3	100.0
o429	3	100.0
o430	2	66.6666666667
o431	3	100.0
o432	3	100.0
o433	3	100.0
o434	3	100.0
o435	3	100.0
o436	3	100.0
o437	3	100.0
o438	3	100.0
o439	3	100.0
o440	3	100.0
o441	3	100.0
o442	3	100.0
o443	3	100.0
o444	2	66.6666666667
o445	3	100.0
o446	2	66.6666666667
o447	3	100.0
o448	3	100.0
o449	3	100.0
o450	3	100.0
o451	2	66.6666666667
o452	3	100.0
o453	2	66.6666666667
o454	1	33.3333333333
o455	3	100.0
o456	3	100.0
o457	3	100.0
o458	3	100.0
o459	3	100.0
o460	3	100.0
o461	2	66.6666666667
o462	3	100.0
o463	3	100.0
o464	3	100.0
o465	3	100.0
o466	3	100.0
o467	3	100.0
o468	3	100.0
o469	3	100.0
o470	2	66.6666666667
o471	2	66.6666666667
o472	2	66.6666666667
o473	3	100.0
o474	3	100.0
o475	3	100.0
o476	3	100.0
o477	3	100.0
o478	2	66.6666666667
o479	3	100.0
o480	3	100.0
o481	3	100.0
o482	3	100.0
o483	3	100.0
o484	3	100.0
o485	3	100.0
o486	3	100.0
o487	3	100.0
o488	3	100.0
o489	2	66.6666666667
o490	1	33.3333333333
o491	3	100.0
o492	2	66.6666666667
o493	2	66.6666666667
o494	3	100.0
o495	2	66.6666666667
o496	3	100.0
o497	2	66.6666666667
o498	3	100.0
o499	3	100.0
o500	3	100.0
o501	3	100.0
o502	3	100.0
o503	3	100.0
o504	3	100.0
o505	2	66.6666666667
o506	3	100.0
o507	2	66.6666666667
o508	3	100.0
o509	3	100.0
o510	3	100.0
o511	3	100.0
o512	3	100.0
o513	3	100.0
o514	3	100.0
o515	3	100.0
o516	2	66.6666666667
o517	3	100.0
o518	3	100.0
o519	3	100.0
o520	1	33.3333333333
o521	2	66.6666666667
o522	3	100.0
o523	1	33.3333333333
o524	3	100.0
o525	3	100.0
o526	3	100.0
o527	3	100.0
o528	1	33.3333333333
o529	3	100.0
o530	3	100.0
o531	3	100.0
o532	3	100.0
o533	2	66.6666666667
o534	3	100.0
o535	3	100.0
o536	3	100.0
o537	3	100.0
o538	3	100.0
o539	1	33.3333333333
o540	2	66.6666666667
o541	3	100.0
o542	3	100.0
o543	2	66.6666666667
o544	3	100.0
o545	3	100.0
o546	1	33.3333333333
o547	3	100.0
o548	3	100.0
o549	3	100.0
o550	3	100.0
o551	2	66.6666666667
o552	3	100.0
o553	2	66.6666666667
o554	3	100.0
o555	3	100.0
o556	3	100.0
o557	3	100.0
o558	2	66.6666666667
o559	3	100.0
o560	3	100.0
o561	3	100.0
o562	3	100.0
o563	3	100.0
o564	3	100.0
o565	2	66.6666666667
o566	3	100.0
o567	2	66.6666666667
o568	3	100.0
o569	3	100.0
o570	3	100.0
o571	3	100.0
o572	3	100.0
o573	0	0.0
o574	3	100.0
o575	2	66.6666666667
o576	3	100.0
o577	2	66.6666666667
o578	1	33.3333333333
o579	3	100.0
o580	3	100.0
o581	2	66.6666666667
o582	3	100.0
o583	3	100.0
o584	3	100.0
o585	3	100.0
o586	3	100.0
o587	3	100.0
o588	3	100.0
o589	3	100.0
o590	2	66.6666666667
o591	3	100.0
o592	3	100.0
o593	1	33.3333333333
o594	3	100.0
o595	3	100.0
o596	3	100.0
o597	3	100.0
o598	3	100.0
o599	1	33.3333333333
o600	3	100.0
o601	3	100.0
o602	3	100.0
o603	2	66.6666666667
o604	3	100.0
o605	3	100.0
o606	3	100.0
o607	3	100.0
o608	3	100.0
o609	3	100.0
o610	2	66.6666666667
o611	1	33.3333333333
o612	1	33.3333333333
o613	2	66.6666666667
o614	3	100.0
o615	3	100.0
o616	3	100.0
o617	3	100.0
o618	3	100.0
o619	3	100.0
o620	3	100.0
o621	3	100.0
o622	3	100.0
o623	3	100.0
o624	3	100.0
o625	2	66.6666666667
o626	1	33.3333333333
o627	3	100.0
o628	3	100.0
o629	3	100.0
o630	3	100.0
o631	3	100.0
o632	3	100.0
o633	3	100.0
o634	1	33.3333333333
o635	2	66.6666666667
o636	3	100.0
o637	3	100.0
o638	1	33.3333333333
o639	3	100.0
o640	3	100.0
o641	3	100.0
o642	3	100.0
o643	3	100.0
o644	2	66.6666666667
o645	3	100.0
o646	1	33.3333333333
o647	3	100.0
o648	3	100.0
o649	3	100.0
o650	3	100.0
o651	3	100.0
o652	3	100.0
o653	3	100.0
o654	3	100.0
o655	2	66.6666666667
o656	3	100.0
o657	3	100.0
o658	3	100.0
o659	3	100.0
o660	3	100.0
o661	3	100.0
o662	3	100.0
o663	3	100.0
o664	3	100.0
o665	1	33.3333333333
o666	1	33.3333333333
o667	3	100.0
o668	2	66.6666666667
o669	3	100.0
o670	3	100.0
o671	3	100.0
o672	2	66.6666666667
o673	2	66.6666666667
o674	3	100.0
o675	3	100.0
o676	1	33.3333333333
o677	3	100.0
o678	3	100.0
o679	3	100.0
o680	2	66.6666666667
o681	3	100.0
o682	3	100.0
o683	3	100.0
o684	3	100.0
o685	3	100.0
o686	3	100.0
o687	3	100.0
o688	3	100.0
o689	2	66.6666666667
o690	1	33.3333333333
o691	1	33.3333333333
o692	3	100.0
o693	2	66.6666666667
o694	3	100.0
o695	2	66.6666666667
o696	3	100.0
o697	2	66.6666666667
o698	2	66.6666666667
o699	3	100.0
o700	2	66.6666666667
o701	3	100.0
o702	3	100.0
o703	3	100.0
o704	2	66.6666666667
o705	3	100.0
o706	3	100.0
o707	3	100.0
o708	2	66.6666666667
o709	3	100.0
o710	2	66.6666666667
o711	3	100.0
o712	3	100.0
o713	2	66.6666666667
o714	2	66.6666666667
o715	3	100.0
o716	3	100.0
o717	3	100.0
o718	3	100.0
o719	3	100.0
o720	3	100.0
o721	3	100.0
o722	3	100.0
o723	1	33.3333333333
o724	2	66.6666666667
o725	2	66.6666666667
o726	3	100.0
o727	3	100.0
o728	3	100.0
o729	3	100.0
o730	3	100.0
o731	3	100.0
o732	3	100.0
o733	3	100.0
o734	3	100.0
o735	3	100.0
o736	3	100.0
o737	3	100.0
o738	2	66.6666666667
o739	2	66.6666666667
o740	2	66.6666666667
o741	3	100.0
o742	3	100.0
o743	2	66.6666666667
o744	3	100.0
o745	2	66.6666666667
o746	3	100.0
o747	3	100.0
o748	3	100.0
o749	2	66.6666666667
o750	2	66.6666666667
o751	3	100.0
o752	3	100.0
o753	1	33.3333333333
o754	3	100.0
o755	3	100.0
o756	3	100.0
o757	3	100.0
o758	2	66.6666666667
o759	3	100.0
o760	2	66.6666666667
o761	3	100.0
o762	3	100.0
o763	3	100.0
o764	3	100.0
o765	3	100.0
o766	3	100.0
o767	3	100.0
o768	3	100.0
o769	3	100.0
o770	1	33.3333333333
o771	2	66.6666666667
o772	1	33.3333333333
o773	3	100.0
o774	3	100.0
o775	3	100.0
o776	3	100.0
o777	3	100.0
o778	3	100.0
o779	2	66.6666666667
o780	3	100.0
o781	3	100.0
o782	3	100.0
o783	3	100.0
o784	2	66.6666666667
o785	3	100.0
o786	3	100.0
o787	3	100.0
o788	3	100.0
o789	2	66.6666666667
o790	3	100.0
o791	2	66.6666666667
o792	3	100.0
o793	2	66.6666666667
o794	3	100.0
o795	2	66.6666666667
o796	3	100.0
o797	3	100.0
o798	3	100.0
o799	2	66.6666666667
o800	3	100.0
o801	3	100.0
o802	2	66.6666666667
o803	3	100.0
o804	3	100.0
o805	0	0.0
o806	2	66.6666666667
o807	3	100.0
o808	3	100.0
o809	3	100.0
o810	3	100.0
o811	3	100.0
o812	3	100.0
o813	3	100.0
o814	1	33.3333333333
o815	1	33.3333333333
o816	3	100.0
o817	3	100.0
o818	3	100.0
o819	3	100.0
o820	3	100.0
o821	1	33.3333333333
o822	1	33.3333333333
o823	3	100.0
o824	3	100.0
o825	2	66.6666666667
o826	3	100.0
o827	3	100.0
o828	3	100.0
o829	3	100.0
o830	3	100.0
o831	3	100.0
o832	3	100.0
o833	1	33.3333333333
o834	3	100.0
o835	3	100.0
o836	3	100.0
o837	3	100.0
o838	1	33.3333333333
o839	3	100.0
o840	3	100.0
o841	3	100.0
o842	3	100.0
o843	3	100.0
o844	3	100.0
o845	3	100.0
o846	3	100.0
o847	1	33.3333333333
o848	3	100.0
o849	3	100.0
o850	3	100.0
o851	1	33.3333333333
o852	3	100.0
o853	3	100.0
o854	3	100.0
o855	3	100.0
o856	3	100.0
o857	3	100.0
o858	3	100.0
o859	3	100.0
o860	3	100.0
o861	2	66.6666666667
o862	3	100.0
o863	3	100.0
o864	3	100.0
o865	0	0.0
o866	3	100.0
o867	3	100.0
o868	3	100.0
o869	3	100.0
o870	1	33.3333333333
o871	1	33.3333333333
o872	3	100.0
o873	3	100.0
o874	3	100.0
o875	3	100.0
o876	3	100.0
o877	3	100.0
o878	3	100.0
o879	3	100.0
o880	2	66.6666666667
o881	3	100.0
o882	3	100.0
o883	2	66.6666666667
o884	3	100.0
o885	2	66.6666666667
o886	3	100.0
o887	3	100.0
o888	3	100.0
o889	3	100.0
o890	2	66.6666666667
o891	2	66.6666666667
o892	3	100.0
o893	3	100.0
o894	3	100.0
o895	2	66.6666666667
o896	2	66.6666666667
o897	1	33.3333333333
o898	3	100.0
o899	2	66.6666666667
o900	3	100.0
o901	3	100.0
o902	3	100.0
o903	3	100.0
o904	3	100.0
o905	3	100.0
o906	3	100.0
o907	1	33.3333333333
o908	3	100.0
o909	3	100.0
o910	3	100.0
o911	2	66.6666666667
o912	2	66.6666666667
o913	1	33.3333333333
o914	2	66.6666666667
o915	3	100.0
o916	2	66.6666666667
o917	2	66.6666666667
o918	3	100.0
o919	3	100.0
o920	3	100.0
o921	1	33.3333333333
o922	2	66.6666666667
o923	3	100.0
o924	3	100.0
o925	3	100.0
o926	3	100.0
o927	3	100.0
o928	3	100.0
o929	2	66.6666666667
o930	3	100.0
o931	2	66.6666666667
o932	3	100.0
o933	2	66.6666666667
o934	3	100.0
o935	3	100.0
o936	3	100.0
o937	3	100.0
o938	3	100.0
o939	3	100.0
o940	3	100.0
o941	3	100.0
o942	3	100.0
o943	2	66.6666666667
o944	3	100.0
o945	3	100.0
o946	2	66.6666666667
o947	2	66.6666666667
o948	3	100.0
o949	3	100.0
o950	3	100.0
o951	1	33.3333333333
o952	3	100.0
o953	2	66.6666666667
o954	3	100.0
o955	3	100.0
o956	3	100.0
o957	2	66.6666666667
o958	3	100.0
o959	3	100.0
o960	3	100.0
o961	2	66.6666666667
o962	1	33.3333333333
o963	2	66.6666666667
o964	2	66.6666666667
o965	0	0.0
o966	3	100.0
o967	3	100.0
o968	2	66.6666666667
o969	2	66.6666666667
o970	3	100.0
o971	3	100.0
o972	3	100.0
o973	3	100.0
o974	2	66.6666666667
o975	3	100.0
o976	2	66.6666666667
o977	3	100.0
o978	3	100.0
o979	3	100.0
o980	3	100.0
o981	2	66.6666666667
o982	3	100.0
o983	0	0.0
o984	3	100.0
o985	3	100.0
o986	2	66.6666666667
o987	3	100.0
o988	3	100.0
o989	3	100.0
o990	3	100.0
o991	3	100.0
o992	1	33.3333333333
o993	3	100.0
o994	1	33.3333333333
o995	3	100.0
o996	3	100.0
o997	1	33.3333333333
o998	3	100.0
o999	3	100.0
o1000	3	100.0
o1001	3	100.0
o1002	3	100.0
o1003	3	100.0
o1004	3	100.0
o1005	3	100.0
o1006	3	100.0
o1007	3	100.0
o1008	3	100.0
o1009	3	100.0
o1010	3	100.0
o1011	3	100.0
o1012	3	100.0
o1013	3	100.0
o1014	3	100.0
o1015	3	100.0
o1016	3	100.0
o1017	2	66.6666666667
o1018	3	100.0
o1019	2	66.6666666667
o1020	3	100.0
o1021	3	100.0
o1022	3	100.0
o1023	3	100.0
o1024	3	100.0
o1025	3	100.0
o1026	3	100.0
o1027	3	100.0
o1028	3	100.0
o1029	2	66.6666666667
o1030	3	100.0
o1031	3	100.0
o1032	3	100.0
o1033	3	100.0
o1034	1	33.3333333333
o1035	3	100.0
o1036	2	66.6666666667
o1037	3	100.0
o1038	3	100.0
o1039	3	100.0
o1040	2	66.6666666667
o1041	3	100.0
o1042	3	100.0
o1043	3	100.0
o1044	3	100.0
o1045	3	100.0
o1046	3	100.0
o1047	2	66.6666666667
o1048	3	100.0
o1049	3	100.0
o1050	3	100.0
o1051	1	33.3333333333
o1052	3	100.0
o1053	3	100.0
o1054	3	100.0
o1055	3	100.0
o1056	3	100.0
o1057	3	100.0
o1058	3	100.0
o1059	3	100.0
o1060	3	100.0
o1061	3	100.0
o1062	2	66.6666666667
o1063	2	66.6666666667
o1064	2	66.6666666667
o1065	3	100.0
o1066	2	66.6666666667
o1067	2	66.6666666667
o1068	2	66.6666666667
o1069	3	100.0
o1070	2	66.6666666667
o1071	3	100.0
o1072	1	33.3333333333
o1073	2	66.6666666667
o1074	1	33.3333333333
o1075	3	100.0
o1076	3	100.0
o1077	2	66.6666666667
o1078	3	100.0
o1079	3	100.0
o1080	3	100.0
o1081	3	100.0
o1082	3	100.0
o1083	3	100.0
o1084	3	100.0
o1085	3	100.0
o1086	3	100.0
o1087	3	100.0
o1088	3	100.0
o1089	3	100.0
o1090	3	100.0
o1091	3	100.0
o1092	3	100.0
o1093	2	66.6666666667
o1094	3	100.0
o1095	3	100.0
o1096	3	100.0
o1097	3	100.0
o1098	3	100.0
o1099	1	33.3333333333
o1100	2	66.6666666667
o1101	3	100.0
o1102	3	100.0
o1103	2	66.6666666667
o1104	3	100.0
o1105	2	66.6666666667
o1106	3	100.0
o1107	3	100.0
o1108	3	100.0
o1109	3	100.0
o1110	3	100.0
o1111	2	66.6666666667
o1112	3	100.0
o1113	3	100.0
o1114	2	66.6666666667
o1115	2	66.6666666667
o1116	3	100.0
o1117	3	100.0
o1118	3	100.0
o1119	2	66.6666666667
o1120	3	100.0
o1121	3	100.0
o1122	3	100.0
o1123	1	33.3333333333
o1124	3	100.0
o1125	3	100.0
o1126	3	100.0
o1127	3	100.0
o1128	2	66.6666666667
o1129	1	33.3333333333
o1130	3	100.0
o1131	2	66.6666666667
o1132	2	66.6666666667
o1133	2	66.6666666667
o1134	1	33.3333333333
o1135	3	100.0
o1136	3	100.0
o1137	3	100.0
o1138	3	100.0
o1139	3	100.0
o1140	3	100.0
o1141	3	100.0
o1142	3	100.0
o1143	1	33.3333333333
o1144	1	33.3333333333
o1145	3	100.0
o1146	3	100.0
o1147	1	33.3333333333
o1148	2	66.6666666667
o1149	3	100.0
o1150	3	100.0
o1151	3	100.0
o1152	3	100.0
o1153	3	100.0
o1154	3	100.0
o1155	3	100.0
o1156	3	100.0
o1157	2	66.6666666667
o1158	3	100.0
o1159	2	66.6666666667
o1160	3	100.0
o1161	2	66.6666666667
o1162	3	100.0
o1163	3	100.0
o1164	3	100.0
o1165	3	100.0
o1166	2	66.6666666667
o1167	2	66.6666666667
o1168	3	100.0
o1169	3	100.0
o1170	3	100.0
o1171	3	100.0
o1172	3	100.0
o1173	1	33.3333333333
o1174	3	100.0
o1175	3	100.0
o1176	3	100.0
o1177	3	100.0
o1178	3	100.0
o1179	1	33.3333333333
o1180	2	66.6666666667
o1181	3	100.0
o1182	2	66.6666666667
o1183	3	100.0
o1184	3	100.0
o1185	3	100.0
o1186	2	66.6666666667
o1187	3	100.0
o1188	3	100.0
o1189	3	100.0
o1190	2	66.6666666667
o1191	3	100.0
o1192	1	33.3333333333
o1193	2	66.6666666667
o1194	1	33.3333333333
o1195	3	100.0
o1196	3	100.0
o1197	2	66.6666666667
o1198	2	66.6666666667
o1199	3	100.0
o1200	3	100.0
o1201	3	100.0
o1202	2	66.6666666667
o1203	3	100.0
o1204	3	100.0
o1205	1	33.3333333333
o1206	3	100.0
o1207	3	100.0
o1208	3	100.0
o1209	3	100.0
o1210	3	100.0
o1211	3	100.0
o1212	3	100.0
o1213	3	100.0
o1214	2	66.6666666667
o1215	2	66.6666666667
o1216	3	100.0
o1217	3	100.0
o1218	3	100.0
o1219	3	100.0
o1220	3	100.0
o1221	3	100.0
o1222	3	100.0
o1223	2	66.6666666667
o1224	3	100.0
o1225	3	100.0
o1226	3	100.0
o1227	3	100.0
o1228	3	100.0
o1229	3	100.0
o1230	3	100.0
o1231	2	66.6666666667
o1232	3	100.0
o1233	3	100.0
o1234	3	100.0
o1235	2	66.6666666667
o1236	3	100.0
o1237	3	100.0
o1238	3	100.0
o1239	3	100.0
o1240	3	100.0
o1241	3	100.0
o1242	3	100.0
o1243	3	100.0
o1244	1	33.3333333333
o1245	3	100.0
o1246	3	100.0
o1247	3	100.0
o1248	3	100.0
o1249	2	66.6666666667
o1250	2	66.6666666667
o1251	3	100.0
o1252	3	100.0
o1253	3	100.0
o1254	3	100.0
o1255	3	100.0
o1256	3	100.0
o1257	3	100.0
o1258	3	100.0
o1259	3	100.0
o1260	3	100.0
o1261	3	100.0
o1262	3	100.0
o1263	3	100.0
o1264	3	100.0
o1265	3	100.0
o1266	3	100.0
o1267	3	100.0
o1268	2	66.6666666667
o1269	3	100.0
o1270	3	100.0
o1271	3	100.0
o1272	1	33.3333333333
o1273	3	100.0
o1274	3	100.0
o1275	2	66.6666666667
o1276	3	100.0
o1277	3	100.0
o1278	3	100.0
o1279	3	100.0
o1280	3	100.0
o1281	3	100.0
o1282	3	100.0
o1283	3	100.0
o1284	2	66.6666666667
o1285	3	100.0
o1286	2	66.6666666667
o1287	3	100.0
o1288	3	100.0
o1289	3	100.0
o1290	3	100.0
o1291	2	66.6666666667
o1292	1	33.3333333333
o1293	3	100.0
o1294	3	100.0
o1295	2	66.6666666667
o1296	2	66.6666666667
o1297	3	100.0
o1298	3	100.0
o1299	1	33.3333333333
o1300	2	66.6666666667
o1301	3	100.0
o1302	3	100.0
o1303	3	100.0
o1304	3	100.0
o1305	2	66.6666666667
o1306	3	100.0
o1307	3	100.0
o1308	2	66.6666666667
o1309	3	100.0
o1310	3	100.0
o1311	2	66.6666666667
o1312	3	100.0
o1313	3	100.0
o1314	2	66.6666666667
o1315	3	100.0
o1316	2	66.6666666667
o1317	2	66.6666666667
o1318	2	66.6666666667
o1319	3	100.0
o1320	3	100.0
o1321	3	100.0
o1322	3	100.0
o1323	3	100.0
o1324	3	100.0
o1325	3	100.0
o1326	1	33.3333333333
o1327	3	100.0
o1328	3	100.0
o1329	3	100.0
o1330	3	100.0
o1331	3	100.0
o1332	3	100.0
o1333	1	33.3333333333
o1334	3	100.0
o1335	3	100.0
o1336	3	100.0
o1337	3	100.0
o1338	3	100.0
o1339	3	100.0
o1340	2	66.6666666667
o1341	2	66.6666666667
o1342	3	100.0
o1343	3	100.0
o1344	2	66.6666666667
o1345	3	100.0
o1346	3	100.0
o1347	1	33.3333333333
o1348	3	100.0
o1349	3	100.0
o1350	3	100.0
o1351	2	66.6666666667
o1352	3	100.0
o1353	2	66.6666666667
o1354	2	66.6666666667
o1355	3	100.0
o1356	3	100.0
o1357	3	100.0
o1358	3	100.0
o1359	3	100.0
o1360	3	100.0
o1361	3	100.0
o1362	2	66.6666666667
o1363	3	100.0
o1364	3	100.0
o1365	3	100.0
o1366	2	66.6666666667
o1367	1	33.3333333333
o1368	3	100.0
o1369	1	33.3333333333
o1370	3	100.0
o1371	3	100.0
o1372	3	100.0
o1373	3	100.0
o1374	3	100.0
o1375	3	100.0
o1376	3	100.0
o1377	2	66.6666666667
o1378	3	100.0
o1379	3	100.0
o1380	1	33.3333333333
o1381	2	66.6666666667
o1382	3	100.0
o1383	3	100.0
o1384	3	100.0
o1385	3	100.0
o1386	3	100.0
o1387	3	100.0
o1388	3	100.0
o1389	3	100.0
o1390	2	66.6666666667
o1391	3	100.0
o1392	2	66.6666666667
o1393	3	100.0
o1394	3	100.0
o1395	3	100.0
o1396	2	66.6666666667
o1397	2	66.6666666667
o1398	3	100.0
o1399	3	100.0
o1400	3	100.0
o1401	3	100.0
o1402	2	66.6666666667
o1403	3	100.0
o1404	3	100.0
o1405	3	100.0
o1406	3	100.0
o1407	3	100.0
o1408	3	100.0
o1409	3	100.0
o1410	2	66.6666666667
o1411	2	66.6666666667
o1412	3	100.0
o1413	2	66.6666666667
o1414	3	100.0
o1415	3	100.0
o1416	3	100.0
o1417	3	100.0
o1418	3	100.0
o1419	3	100.0
o1420	3	100.0
o1421	3	100.0
o1422	1	33.3333333333
o1423	3	100.0
o1424	2	66.6666666667
o1425	3	100.0
o1426	3	100.0
o1427	3	100.0
o1428	2	66.6666666667
o1429	3	100.0
o1430	3	100.0
o1431	3	100.0
o1432	3	100.0
o1433	3	100.0
o1434	3	100.0
o1435	3	100.0
o1436	3	100.0
o1437	3	100.0
o1438	2	66.6666666667
o1439	3	100.0
o1440	1	33.3333333333
o1441	3	100.0
o1442	3	100.0
o1443	3	100.0
o1444	2	66.6666666667
o1445	3	100.0
o1446	3	100.0
o1447	3	100.0
o1448	3	100.0
o1449	3	100.0
o1450	2	66.6666666667
o1451	3	100.0
o1452	3	100.0
o1453	1	33.3333333333
o1454	2	66.6666666667
o1455	2	66.6666666667
o1456	3	100.0
o1457	3	100.0
o1458	2	66.6666666667
o1459	2	66.6666666667
o1460	3	100.0
o1461	3	100.0
o1462	3	100.0
o1463	3	100.0
o1464	3	100.0
o1465	2	66.6666666667
o1466	3	100.0
o1467	3	100.0
o1468	3	100.0
o1469	3	100.0
o1470	2	66.6666666667
o1471	3	100.0
o1472	3	100.0
o1473	3	100.0
o1474	3	100.0
o1475	3	100.0
o1476	3	100.0
o1477	1	33.3333333333
o1478	3	100.0
o1479	3	100.0
o1480	3	100.0
o1481	3	100.0
o1482	3	100.0
o1483	2	66.6666666667
o1484	2	66.6666666667
o1485	1	33.3333333333
o1486	3	100.0
o1487	3	100.0
o1488	3	100.0
o1489	3	100.0
o1490	3	100.0
o1491	3	100.0
o1492	3	100.0
o1493	3	100.0
o1494	3	100.0
o1495	2	66.6666666667
o1496	2	66.6666666667
o1497	3	100.0
o1498	3	100.0
o1499	3	100.0
o1500	3	100.0
o1501	3	100.0
o1502	3	100.0
o1503	3	100.0
o1504	3	100.0
o1505	3	100.0
o1506	1	33.3333333333
o1507	2	66.6666666667
o1508	3	100.0
o1509	3	100.0
o1510	3	100.0
o1511	3	100.0
o1512	2	66.6666666667
o1513	3	100.0
o1514	3	100.0
o1515	3	100.0
o1516	3	100.0
o1517	2	66.6666666667
o1518	3	100.0
o1519	3	100.0
o1520	1	33.3333333333
o1521	3	100.0
o1522	1	33.3333333333
o1523	3	100.0
o1524	3	100.0
o1525	3	100.0
o1526	3	100.0
o1527	3	100.0
o1528	3	100.0
o1529	3	100.0
o1530	3	100.0
o1531	2	66.6666666667
o1532	3	100.0
o1533	2	66.6666666667
o1534	3	100.0
o1535	3	100.0
o1536	2	66.6666666667
o1537	1	33.3333333333
o1538	3	100.0
o1539	3	100.0
o1540	3	100.0
o1541	3	100.0
o1542	1	33.3333333333
o1543	3	100.0
o1544	2	66.6666666667
o1545	2	66.6666666667
o1546	3	100.0
o1547	3	100.0
o1548	3	100.0
o1549	3	100.0
o1550	3	100.0
o1551	3	100.0
o1552	3	100.0
o1553	3	100.0
o1554	3	100.0
o1555	3	100.0
o1556	2	66.6666666667
o1557	3	100.0
o1558	1	33.3333333333
o1559	3	100.0
o1560	2	66.6666666667
o1561	3	100.0
o1562	2	66.6666666667
o1563	3	100.0
o1564	3	100.0
o1565	3	100.0
o1566	3	100.0
o1567	3	100.0
o1568	3	100.0
o1569	3	100.0
o1570	3	100.0
o1571	3	100.0
o1572	3	100.0
o1573	3	100.0
o1574	2	66.6666666667
o1575	2	66.6666666667
o1576	2	66.6666666667
o1577	3	100.0
o1578	3	100.0
o1579	3	100.0
o1580	3	100.0
o1581	3	100.0
o1582	3	100.0
o1583	2	66.6666666667
o1584	2	66.6666666667
o1585	3	100.0
o1586	1	33.3333333333
o1587	3	100.0
o1588	3	100.0
o1589	3	100.0
o1590	3	100.0
o1591	3	100.0
o1592	3	100.0
o1593	3	100.0
o1594	3	100.0
o1595	3	100.0
o1596	3	100.0
o1597	3	100.0
o1598	2	66.6666666667
o1599	2	66.6666666667
o1600	3	100.0
o1601	3	100.0
o1602	3	100.0
o1603	2	66.6666666667
o1604	2	66.6666666667
o1605	3	100.0
o1606	3	100.0
o1607	3	100.0
o1608	3	100.0
o1609	2	66.6666666667
o1610	3	100.0
o1611	3	100.0
o1612	3	100.0
o1613	3	100.0
o1614	2	66.6666666667
o1615	3	100.0
o1616	3	100.0
o1617	3	100.0
o1618	3	100.0
o1619	3	100.0
o1620	3	100.0
o1621	3	100.0
o1622	3	100.0
o1623	2	66.6666666667
o1624	3	100.0
o1625	3	100.0
o1626	3	100.0
o1627	3	100.0
o1628	3	100.0
o1629	3	100.0
o1630	2	66.6666666667
o1631	3	100.0
o1632	3	100.0
o1633	2	66.6666666667
o1634	2	66.6666666667
o1635	3	100.0
o1636	3	100.0
o1637	3	100.0
o1638	3	100.0
o1639	3	100.0
o1640	3	100.0
o1641	3	100.0
o1642	3	100.0
o1643	3	100.0
o1644	3	100.0
o1645	3	100.0
o1646	2	66.6666666667
o1647	3	100.0
o1648	3	100.0
o1649	1	33.3333333333
o1650	3	100.0
o1651	3	100.0
o1652	3	100.0
o1653	2	66.6666666667
o1654	1	33.3333333333
o1655	3	100.0
o1656	1	33.3333333333
o1657	3	100.0
o1658	2	66.6666666667
o1659	3	100.0
o1660	3	100.0
o1661	3	100.0
o1662	1	33.3333333333
o1663	3	100.0
o1664	2	66.6666666667
o1665	2	66.6666666667
o1666	3	100.0
o1667	3	100.0
o1668	3	100.0
o1669	3	100.0
o1670	1	33.3333333333
o1671	3	100.0
o1672	3	100.0
o1673	1	33.3333333333
o1674	2	66.6666666667
o1675	2	66.6666666667
o1676	3	100.0
o1677	3	100.0
o1678	2	66.6666666667
o1679	3	100.0
o1680	3	100.0
o1681	2	66.6666666667
o1682	3	100.0
o1683	3	100.0
o1684	3	100.0
o1685	3	100.0
o1686	3	100.0
o1687	3	100.0
o1688	3	100.0
o1689	3	100.0
o1690	3	100.0
o1691	3	100.0
o1692	3	100.0
o1693	3	100.0
o1694	3	100.0
o1695	3	100.0
o1696	2	66.6666666667
o1697	3	100.0
o1698	3	100.0
o1699	3	100.0
o1700	3	100.0
o1701	3	100.0
o1702	3	100.0
o1703	3	100.0
o1704	2	66.6666666667
o1705	3	100.0
o1706	3	100.0
o1707	3	100.0
o1708	3	100.0
o1709	3	100.0
o1710	3	100.0
o1711	3	100.0
o1712	3	100.0
o1713	3	100.0
o1714	3	100.0
o1715	2	66.6666666667
o1716	3	100.0
o1717	3	100.0
o1718	3	100.0
o1719	3	100.0
o1720	3	100.0
o1721	2	66.6666666667
o1722	3	100.0
o1723	3	100.0
o1724	1	33.3333333333
o1725	3	100.0
o1726	2	66.6666666667
o1727	2	66.6666666667
o1728	3	100.0
o1729	3	100.0
o1730	3	100.0
o1731	3	100.0
o1732	3	100.0
o1733	3	100.0
o1734	3	100.0
o1735	3	100.0
o1736	3	100.0
o1737	3	100.0
o1738	3	100.0
o1739	3	100.0
o1740	2	66.6666666667
o1741	2	66.6666666667
o1742	3	100.0
o1743	2	66.6666666667
o1744	3	100.0
o1745	2	66.6666666667
o1746	3	100.0
o1747	3	100.0
o1748	1	33.3333333333
o1749	2	66.6666666667
o1750	3	100.0
o1751	3	100.0
o1752	3	100.0
o1753	3	100.0
o1754	3	100.0
o1755	3	100.0
o1756	3	100.0
o1757	3	100.0
o1758	3	100.0
o1759	3	100.0
o1760	3	100.0
o1761	3	100.0
o1762	3	100.0
o1763	3	100.0
o1764	3	100.0
o1765	3	100.0
o1766	2	66.6666666667
o1767	3	100.0
o1768	2	66.6666666667
o1769	3	100.0
o1770	3	100.0
o1771	3	100.0
o1772	3	100.0
o1773	3	100.0
o1774	3	100.0
o1775	3	100.0
o1776	1	33.3333333333
o1777	2	66.6666666667
o1778	3	100.0
o1779	1	33.3333333333
o1780	3	100.0
o1781	2	66.6666666667
o1782	2	66.6666666667
o1783	3	100.0
o1784	3	100.0
o1785	3	100.0
o1786	3	100.0
o1787	3	100.0
o1788	3	100.0
o1789	3	100.0
o1790	3	100.0
o1791	2	66.6666666667
o1792	3	100.0
o1793	3	100.0
o1794	2	66.6666666667
o1795	2	66.6666666667
o1796	2	66.6666666667
o1797	3	100.0
o1798	3	100.0
o1799	2	66.6666666667
o1800	3	100.0
o1801	3	100.0
o1802	3	100.0
o1803	3	100.0
o1804	3	100.0
o1805	3	100.0
o1806	2	66.6666666667
o1807	3	100.0
o1808	1	33.3333333333
o1809	3	100.0
o1810	3	100.0
o1811	3	100.0
o1812	3	100.0
o1813	2	66.6666666667
o1814	3	100.0
o1815	3	100.0
o1816	3	100.0
o1817	2	66.6666666667
o1818	3	100.0
o1819	3	100.0
o1820	3	100.0
o1821	3	100.0
o1822	1	33.3333333333
o1823	1	33.3333333333
o1824	3	100.0
o1825	3	100.0
o1826	2	66.6666666667
o1827	3	100.0
o1828	3	100.0
o1829	3	100.0
o1830	3	100.0
o1831	2	66.6666666667
o1832	3	100.0
o1833	2	66.6666666667
o1834	1	33.3333333333
o1835	3	100.0
o1836	3	100.0
o1837	2	66.6666666667
o1838	2	66.6666666667
o1839	3	100.0
o1840	2	66.6666666667
o1841	3	100.0
o1842	3	100.0
o1843	3	100.0
o1844	2	66.6666666667
o1845	3	100.0
o1846	3	100.0
o1847	3	100.0
o1848	3	100.0
o1849	3	100.0
o1850	3	100.0
o1851	1	33.3333333333
o1852	3	100.0
o1853	1	33.3333333333
o1854	3	100.0
o1855	3	100.0
o1856	3	100.0
o1857	3	100.0
o1858	3	100.0
o1859	3	100.0
o1860	3	100.0
o1861	3	100.0
o1862	3	100.0
o1863	3	100.0
o1864	2	66.6666666667
o1865	3	100.0
o1866	1	33.3333333333
o1867	2	66.6666666667
o1868	3	100.0
o1869	3	100.0
o1870	3	100.0
o1871	3	100.0
o1872	1	33.3333333333
o1873	3	100.0
o1874	3	100.0
o1875	3	100.0
o1876	2	66.6666666667
o1877	2	66.6666666667
o1878	3	100.0
o1879	2	66.6666666667
o1880	2	66.6666666667
o1881	3	100.0
o1882	3	100.0
o1883	3	100.0
o1884	3	100.0
o1885	3	100.0
o1886	1	33.3333333333
o1887	3	100.0
o1888	3	100.0
o1889	3	100.0
o1890	3	100.0
o1891	3	100.0
o1892	3	100.0
o1893	1	33.3333333333
o1894	3	100.0
o1895	3	100.0
o1896	3	100.0
o1897	2	66.6666666667
o1898	3	100.0
o1899	3	100.0
o1900	2	66.6666666667
o1901	3	100.0
o1902	3	100.0
o1903	3	100.0
o1904	3	100.0
o1905	3	100.0
o1906	3	100.0
o1907	2	66.6666666667
o1908	1	33.3333333333
o1909	3	100.0
o1910	3	100.0
o1911	2	66.6666666667
o1912	2	66.6666666667
o1913	1	33.3333333333
o1914	3	100.0
o1915	2	66.6666666667
o1916	3	100.0
o1917	3	100.0
o1918	3	100.0
o1919	2	66.6666666667
o1920	3	100.0
o1921	3	100.0
o1922	3	100.0
o1923	3	100.0
o1924	2	66.6666666667
o1925	3	100.0
o1926	3	100.0
o1927	3	100.0
o1928	2	66.6666666667
o1929	3	100.0
o1930	3	100.0
o1931	2	66.6666666667
o1932	3	100.0
o1933	2	66.6666666667
o1934	3	100.0
o1935	2	66.6666666667
o1936	3	100.0
o1937	3	100.0
o1938	3	100.0
o1939	3	100.0
o1940	3	100.0
o1941	3	100.0
o1942	3	100.0
o1943	2	66.6666666667
o1944	3	100.0
o1945	3	100.0
o1946	2	66.6666666667
o1947	3	100.0
o1948	2	66.6666666667
o1949	2	66.6666666667
o1950	3	100.0
o1951	3	100.0
o1952	3	100.0
o1953	3	100.0
o1954	1	33.3333333333
o1955	3	100.0
o1956	1	33.3333333333
o1957	3	100.0
o1958	3	100.0
o1959	3	100.0
o1960	3	100.0
o1961	3	100.0
o1962	1	33.3333333333
o1963	2	66.6666666667
o1964	3	100.0
o1965	3	100.0
o1966	3	100.0
o1967	3	100.0
o1968	2	66.6666666667
o1969	3	100.0
o1970	3	100.0
o1971	2	66.6666666667
o1972	3	100.0
o1973	1	33.3333333333
o1974	3	100.0
o1975	0	0.0
o1976	1	33.3333333333
o1977	3	100.0
o1978	3	100.0
o1979	1	33.3333333333
o1980	3	100.0
o1981	3	100.0
o1982	3	100.0
o1983	2	66.6666666667
o1984	3	100.0
o1985	3	100.0
o1986	3	100.0
o1987	3	100.0
o1988	3	100.0
o1989	3	100.0
o1990	3	100.0
o1991	3	100.0
o1992	2	66.6666666667
o1993	3	100.0
o1994	3	100.0
o1995	3	100.0
o1996	3	100.0
o1997	3	100.0
o1998	2	66.6666666667
o1999	3	100.0
o2000	3	100.0
o2001	1	33.3333333333
o2002	2	66.6666666667
o2003	3	100.0
o2004	3	100.0
o2005	2	66.6666666667
o2006	2	66.6666666667
o2007	3	100.0
o2008	1	33.3333333333
o2009	3	100.0
o2010	3	100.0
o2011	1	33.3333333333
o2012	3	100.0
o2013	2	66.6666666667
o2014	3	100.0
o2015	3	100.0
o2016	3	100.0
o2017	3	100.0
o2018	2	66.6666666667
o2019	3	100.0
o2020	3	100.0
o2021	3	100.0
o2022	2	66.6666666667
o2023	3	100.0
o2024	3	100.0
o2025	3	100.0
o2026	3	100.0
o2027	3	100.0
o2028	3	100.0
o2029	3	100.0
o2030	3	100.0
o2031	3	100.0
o2032	3	100.0
o2033	2	66.6666666667
o2034	3	100.0
o2035	3	100.0
o2036	3	100.0
o2037	3	100.0
o2038	3	100.0
o2039	2	66.6666666667
o2040	3	100.0
o2041	3	100.0
o2042	2	66.6666666667
o2043	3	100.0
o2044	2	66.6666666667
o2045	3	100.0
o2046	3	100.0
o2047	3	100.0
o2048	3	100.0
o2049	3	100.0
o2050	2	66.6666666667
o2051	3	100.0
o2052	3	100.0
o2053	2	66.6666666667
o2054	2	66.6666666667
o2055	3	100.0
o2056	3	100.0
o2057	3	100.0
o2058	3	100.0
o2059	3	100.0
o2060	3	100.0
o2061	2	66.6666666667
o2062	3	100.0
o2063	3	100.0
o2064	3	100.0
o2065	3	100.0
o2066	3	100.0
o2067	3	100.0
o2068	3	100.0
o2069	2	66.6666666667
o2070	3	100.0
o2071	3	100.0
o2072	3	100.0
o2073	2	66.6666666667
o2074	1	33.3333333333
o2075	3	100.0
o2076	3	100.0
o2077	3	100.0
o2078	3	100.0
o2079	1	33.3333333333
o2080	2	66.6666666667
o2081	1	33.3333333333
o2082	2	66.6666666667
o2083	3	100.0
o2084	2	66.6666666667
o2085	3	100.0
o2086	1	33.3333333333
o2087	3	100.0
o2088	3	100.0
o2089	3	100.0
o2090	2	66.6666666667
o2091	3	100.0
o2092	3	100.0
o2093	3	100.0
o2094	3	100.0
o2095	3	100.0
o2096	2	66.6666666667
o2097	3	100.0
o2098	3	100.0
o2099	1	33.3333333333
o2100	3	100.0
o2101	3	100.0
o2102	3	100.0
o2103	3	100.0
o2104	3	100.0
o2105	3	100.0
o2106	2	66.6666666667
o2107	1	33.3333333333
o2108	3	100.0
o2109	3	100.0
o2110	3	100.0
o2111	3	100.0
o2112	1	33.3333333333
o2113	3	100.0
o2114	3	100.0
o2115	3	100.0
o2116	3	100.0
o2117	3	100.0
o2118	2	66.6666666667
o2119	3	100.0
o2120	3	100.0
o2121	3	100.0
o2122	2	66.6666666667
o2123	3	100.0
o2124	3	100.0
o2125	3	100.0
o2126	3	100.0
o2127	3	100.0
o2128	3	100.0
o2129	3	100.0
o2130	2	66.6666666667
o2131	3	100.0
o2132	3	100.0
o2133	3	100.0
o2134	3	100.0
o2135	3	100.0
o2136	2	66.6666666667
o2137	3	100.0
o2138	3	100.0
o2139	2	66.6666666667
o2140	2	66.6666666667
o2141	2	66.6666666667
o2142	3	100.0
o2143	3	100.0
o2144	3	100.0
o2145	3	100.0
o2146	3	100.0
o2147	3	100.0
o2148	1	33.3333333333
o2149	3	100.0
o2150	3	100.0
o2151	2	66.6666666667
o2152	3	100.0
o2153	3	100.0
o2154	2	66.6666666667
o2155	3	100.0
o2156	2	66.6666666667
o2157	3	100.0
o2158	2	66.6666666667
o2159	2	66.6666666667
o2160	3	100.0
o2161	2	66.6666666667
o2162	3	100.0
o2163	3	100.0
o2164	3	100.0
o2165	2	66.6666666667
o2166	3	100.0
o2167	3	100.0
o2168	2	66.6666666667
o2169	1	33.3333333333
o2170	2	66.6666666667
o2171	2	66.6666666667
o2172	3	100.0
o2173	3	100.0
o2174	3	100.0
o2175	3	100.0
o2176	3	100.0
o2177	3	100.0
o2178	3	100.0
o2179	3	100.0
o2180	2	66.6666666667
o2181	2	66.6666666667
o2182	3	100.0
o2183	3	100.0
o2184	3	100.0
o2185	3	100.0
o2186	3	100.0
o2187	1	33.3333333333
o2188	2	66.6666666667
o2189	3	100.0
o2190	3	100.0
o2191	1	33.3333333333
o2192	3	100.0
o2193	3	100.0
o2194	3	100.0
o2195	3	100.0
o2196	3	100.0
o2197	3	100.0
o2198	1	33.3333333333
o2199	1	33.3333333333
o2200	3	100.0
o2201	2	66.6666666667
o2202	3	100.0
o2203	1	33.3333333333
o2204	3	100.0
o2205	3	100.0
o2206	2	66.6666666667
o2207	3	100.0
o2208	3	100.0
o2209	3	100.0
o2210	3	100.0
o2211	2	66.6666666667
o2212	3	100.0
o2213	3	100.0
o2214	3	100.0
o2215	3	100.0
o2216	3	100.0
o2217	3	100.0
o2218	1	33.3333333333
o2219	3	100.0
o2220	2	66.6666666667
o2221	3	100.0
o2222	3	100.0
o2223	3	100.0
o2224	1	33.3333333333
o2225	2	66.6666666667
o2226	1	33.3333333333
o2227	2	66.6666666667
o2228	3	100.0
o2229	3	100.0
o2230	3	100.0
o2231	3	100.0
o2232	3	100.0
o2233	2	66.6666666667
o2234	1	33.3333333333
o2235	3	100.0
o2236	1	33.3333333333
o2237	1	33.3333333333
o2238	3	100.0
o2239	3	100.0
o2240	3	100.0
o2241	3	100.0
o2242	3	100.0
o2243	3	100.0
o2244	3	100.0
o2245	2	66.6666666667
o2246	3	100.0
o2247	3	100.0
o2248	3	100.0
o2249	3	100.0
o2250	3	100.0
o2251	3	100.0
o2252	3	100.0
o2253	3	100.0
o2254	3	100.0
o2255	3	100.0
o2256	3	100.0
o2257	3	100.0
o2258	3	100.0
o2259	3	100.0
o2260	3	100.0
o2261	3	100.0
o2262	3	100.0
o2263	3	100.0
o2264	3	100.0
o2265	3	100.0
o2266	3	100.0
o2267	3	100.0
o2268	3	100.0
o2269	3	100.0
o2270	3	100.0
o2271	3	100.0
o2272	3	100.0
o2273	3	100.0
o2274	3	100.0
o2275	3	100.0
o2276	3	100.0
o2277	3	100.0
o2278	3	100.0
o2279	2	66.6666666667
o2280	3	100.0
o2281	1	33.3333333333
o2282	3	100.0
o2283	3	100.0
o2284	3	100.0
o2285	2	66.6666666667
o2286	2	66.6666666667
o2287	1	33.3333333333
o2288	2	66.6666666667
o2289	3	100.0
o2290	3	100.0
o2291	3	100.0
o2292	2	66.6666666667
o2293	3	100.0
o2294	3	100.0
o2295	3	100.0
o2296	1	33.3333333333
o2297	2	66.6666666667
o2298	2	66.6666666667
o2299	3	100.0
o2300	3	100.0
o2301	2	66.6666666667
o2302	3	100.0
o2303	3	100.0
o2304	3	100.0
o2305	2	66.6666666667
o2306	3	100.0
o2307	2	66.6666666667
o2308	2	66.6666666667
o2309	3	100.0
o2310	2	66.6666666667
o2311	3	100.0
o2312	2	66.6666666667
o2313	3	100.0
o2314	3	100.0
o2315	1	33.3333333333
o2316	3	100.0
o2317	3	100.0
o2318	3	100.0
o2319	2	66.6666666667
o2320	1	33.3333333333
o2321	3	100.0
o2322	3	100.0
o2323	3	100.0
o2324	2	66.6666666667
o2325	1	33.3333333333
o2326	1	33.3333333333
o2327	3	100.0
o2328	3	100.0
o2329	2	66.6666666667
o2330	3	100.0
o2331	3	100.0
o2332	3	100.0
o2333	3	100.0
o2334	3	100.0
o2335	3	100.0
o2336	0	0.0
o2337	3	100.0
o2338	3	100.0
o2339	3	100.0
o2340	3	100.0
o2341	3	100.0
o2342	3	100.0
o2343	2	66.6666666667
o2344	1	33.3333333333
o2345	3	100.0
o2346	3	100.0
o2347	3	100.0
o2348	3	100.0
o2349	2	66.6666666667
o2350	3	100.0
o2351	1	33.3333333333
o2352	3	100.0
o2353	3	100.0
o2354	3	100.0
o2355	3	100.0
o2356	3	100.0
o2357	3	100.0
o2358	3	100.0
o2359	3	100.0
o2360	3	100.0
o2361	3	100.0
o2362	3	100.0
o2363	3	100.0
o2364	3	100.0
o2365	3	100.0
o2366	3	100.0
o2367	3	100.0
o2368	2	66.6666666667
o2369	2	66.6666666667
o2370	3	100.0
o2371	3	100.0
o2372	2	66.6666666667
o2373	3	100.0
o2374	1	33.3333333333
o2375	3	100.0
o2376	3	100.0
o2377	3	100.0
o2378	2	66.6666666667
o2379	3	100.0
o2380	3	100.0
o2381	3	100.0
o2382	3	100.0
o2383	3	100.0
o2384	3	100.0
o2385	2	66.6666666667
o2386	2	66.6666666667
o2387	3	100.0
o2388	3	100.0
o2389	3	100.0
o2390	2	66.6666666667
o2391	2	66.6666666667
o2392	1	33.3333333333
o2393	3	100.0
o2394	3	100.0
o2395	1	33.3333333333
o2396	1	33.3333333333
o2397	3	100.0
o2398	3	100.0
o2399	3	100.0
o2400	3	100.0
o2401	3	100.0
o2402	3	100.0
o2403	3	100.0
o2404	1	33.3333333333
o2405	3	100.0
o2406	2	66.6666666667
o2407	3	100.0
o2408	3	100.0
o2409	3	100.0
o2410	3	100.0
o2411	3	100.0
o2412	3	100.0
o2413	3	100.0
o2414	2	66.6666666667
o2415	2	66.6666666667
o2416	3	100.0
o2417	3	100.0
o2418	1	33.3333333333
o2419	2	66.6666666667
o2420	3	100.0
o2421	3	100.0
o2422	3	100.0
o2423	2	66.6666666667
o2424	3	100.0
o2425	3	100.0
o2426	3	100.0
o2427	1	33.3333333333
o2428	1	33.3333333333
o2429	3	100.0
o2430	3	100.0
o2431	2	66.6666666667
o2432	3	100.0
o2433	3	100.0
o2434	2	66.6666666667
o2435	3	100.0
o2436	3	100.0
o2437	1	33.3333333333
o2438	3	100.0
o2439	2	66.6666666667
o2440	3	100.0
o2441	3	100.0
o2442	2	66.6666666667
o2443	3	100.0
o2444	2	66.6666666667
o2445	3	100.0
o2446	3	100.0
o2447	1	33.3333333333
o2448	3	100.0
o2449	3	100.0
o2450	3	100.0
o2451	3	100.0
o2452	1	33.3333333333
o2453	3	100.0
o2454	3	100.0
o2455	3	100.0
o2456	3	100.0
o2457	3	100.0
o2458	3	100.0
o2459	3	100.0
o2460	3	100.0
o2461	2	66.6666666667
o2462	3	100.0
o2463	3	100.0
o2464	2	66.6666666667
o2465	3	100.0
o2466	2	66.6666666667
o2467	3	100.0
o2468	3	100.0
o2469	3	100.0
o2470	2	66.6666666667
o2471	3	100.0
o2472	2	66.6666666667
o2473	1	33.3333333333
o2474	3	100.0
o2475	3	100.0
o2476	3	100.0
o2477	2	66.6666666667
o2478	1	33.3333333333
o2479	3	100.0
o2480	3	100.0
o2481	3	100.0
o2482	3	100.0
o2483	2	66.6666666667
o2484	3	100.0
o2485	3	100.0
o2486	3	100.0
o2487	3	100.0
o2488	2	66.6666666667
o2489	3	100.0
o2490	3	100.0
o2491	3	100.0
o2492	3	100.0
o2493	3	100.0
o2494	3	100.0
o2495	3	100.0
o2496	3	100.0
o2497	3	100.0
o2498	3	100.0
o2499	3	100.0
o2500	3	100.0
o2501	2	66.6666666667
o2502	3	100.0
o2503	2	66.6666666667
o2504	1	33.3333333333
o2505	2	66.6666666667
o2506	3	100.0
o2507	3	100.0
o2508	3	100.0
o2509	3	100.0
o2510	1	33.3333333333
o2511	2	66.6666666667
o2512	3	100.0
o2513	3	100.0
o2514	3	100.0
o2515	3	100.0
o2516	3	100.0
o2517	3	100.0
o2518	3	100.0
o2519	3	100.0
o2520	2	66.6666666667
o2521	3	100.0
o2522	2	66.6666666667
o2523	2	66.6666666667
o2524	1	33.3333333333
o2525	3	100.0
o2526	3	100.0
o2527	3	100.0
o2528	3	100.0
o2529	3	100.0
o2530	2	66.6666666667
o2531	2	66.6666666667
o2532	3	100.0
o2533	3	100.0
o2534	3	100.0
o2535	3	100.0
o2536	3	100.0
o2537	2	66.6666666667
o2538	2	66.6666666667
o2539	2	66.6666666667
o2540	3	100.0
o2541	3	100.0
o2542	3	100.0
o2543	3	100.0
o2544	3	100.0
o2545	2	66.6666666667
o2546	2	66.6666666667
o2547	3	100.0
o2548	3	100.0
o2549	3	100.0
o2550	3	100.0
o2551	3	100.0
o2552	3	100.0
o2553	1	33.3333333333
o2554	3	100.0
o2555	3	100.0
o2556	3	100.0
o2557	3	100.0
o2558	3	100.0
o2559	3	100.0
o2560	3	100.0
o2561	2	66.6666666667
o2562	3	100.0
o2563	3	100.0
o2564	3	100.0
o2565	3	100.0
o2566	3	100.0
o2567	3	100.0
o2568	3	100.0
o2569	1	33.3333333333
o2570	3	100.0
o2571	1	33.3333333333
o2572	2	66.6666666667
o2573	3	100.0
o2574	2	66.6666666667
o2575	2	66.6666666667
o2576	3	100.0
o2577	2	66.6666666667
o2578	3	100.0
o2579	3	100.0
o2580	3	100.0
o2581	3	100.0
o2582	3	100.0
o2583	3	100.0
o2584	3	100.0
o2585	3	100.0
o2586	3	100.0
o2587	3	100.0
o2588	2	66.6666666667
o2589	3	100.0
o2590	3	100.0
o2591	0	0.0
o2592	2	66.6666666667
o2593	3	100.0
o2594	2	66.6666666667
o2595	3	100.0
o2596	3	100.0
o2597	3	100.0
o2598	3	100.0
o2599	3	100.0
o2600	3	100.0
o2601	3	100.0
o2602	3	100.0
o2603	3	100.0
o2604	3	100.0
o2605	3	100.0
o2606	3	100.0
o2607	3	100.0
o2608	1	33.3333333333
o2609	3	100.0
o2610	3	100.0
o2611	2	66.6666666667
o2612	3	100.0
o2613	3	100.0
o2614	3	100.0
o2615	3	100.0
o2616	3	100.0
o2617	3	100.0
o2618	3	100.0
o2619	3	100.0
o2620	3	100.0
o2621	2	66.6666666667
o2622	3	100.0
o2623	3	100.0
o2624	3	100.0
o2625	2	66.6666666667
o2626	3	100.0
o2627	3	100.0
o2628	3	100.0
o2629	3	100.0
o2630	2	66.6666666667
o2631	3	100.0
o2632	3	100.0
o2633	1	33.3333333333
o2634	3	100.0
o2635	2	66.6666666667
o2636	3	100.0
o2637	3	100.0
o2638	3	100.0
o2639	3	100.0
o2640	3	100.0
o2641	3	100.0
o2642	1	33.3333333333
o2643	3	100.0
o2644	1	33.3333333333
o2645	3	100.0
o2646	2	66.6666666667
o2647	3	100.0
o2648	3	100.0
o2649	3	100.0
o2650	3	100.0
o2651	2	66.6666666667
o2652	3	100.0
o2653	1	33.3333333333
o2654	1	33.3333333333
o2655	3	100.0
o2656	3	100.0
o2657	2	66.6666666667
o2658	3	100.0
o2659	3	100.0
o2660	3	100.0
o2661	3	100.0
o2662	2	66.6666666667
o2663	3	100.0
o2664	1	33.3333333333
o2665	3	100.0
o2666	1	33.3333333333
o2667	2	66.6666666667
o2668	3	100.0
o2669	3	100.0
o2670	3	100.0
o2671	2	66.6666666667
o2672	3	100.0
o2673	3	100.0
o2674	3	100.0
o2675	3	100.0
o2676	3	100.0
o2677	3	100.0
o2678	3	100.0
o2679	3	100.0
o2680	3	100.0
o2681	3	100.0
o2682	3	100.0
o2683	3	100.0
o2684	3	100.0
o2685	2	66.6666666667
o2686	3	100.0
o2687	3	100.0
o2688	3	100.0
o2689	1	33.3333333333
o2690	3	100.0
o2691	3	100.0
o2692	3	100.0
o2693	3	100.0
o2694	3	100.0
o2695	3	100.0
o2696	2	66.6666666667
o2697	3	100.0
o2698	3	100.0
o2699	3	100.0
o2700	3	100.0
o2701	2	66.6666666667
o2702	3	100.0
o2703	2	66.6666666667
o2704	3	100.0
o2705	3	100.0
o2706	3	100.0
o2707	3	100.0
o2708	2	66.6666666667
o2709	3	100.0
o2710	3	100.0
o2711	3	100.0
o2712	3	100.0
o2713	2	66.6666666667
o2714	3	100.0
o2715	2	66.6666666667
o2716	2	66.6666666667
o2717	2	66.6666666667
o2718	2	66.6666666667
o2719	3	100.0
o2720	3	100.0
o2721	3	100.0
o2722	3	100.0
o2723	3	100.0
o2724	3	100.0
o2725	3	100.0
o2726	3	100.0
o2727	2	66.6666666667
o2728	0	0.0
o2729	3	100.0
o2730	3	100.0
o2731	3	100.0
o2732	3	100.0
o2733	3	100.0
o2734	3	100.0
o2735	3	100.0
o2736	3	100.0
o2737	1	33.3333333333
o2738	2	66.6666666667
o2739	2	66.6666666667
o2740	3	100.0
o2741	3	100.0
o2742	3	100.0
o2743	2	66.6666666667
o2744	3	100.0
o2745	3	100.0
o2746	3	100.0
o2747	3	100.0
o2748	3	100.0
o2749	1	33.3333333333
o2750	3	100.0
o2751	3	100.0
o2752	3	100.0
o2753	3	100.0
o2754	3	100.0
o2755	3	100.0
o2756	2	66.6666666667
o2757	3	100.0
o2758	3	100.0
o2759	3	100.0
o2760	3	100.0
o2761	3	100.0
o2762	3	100.0
o2763	1	33.3333333333
o2764	1	33.3333333333
o2765	3	100.0
o2766	2	66.6666666667
o2767	3	100.0
o2768	3	100.0
o2769	1	33.3333333333
o2770	3	100.0
o2771	3	100.0
o2772	2	66.6666666667
o2773	3	100.0
o2774	2	66.6666666667
o2775	3	100.0
o2776	3	100.0
o2777	2	66.6666666667
o2778	3	100.0
o2779	3	100.0
o2780	3	100.0
o2781	3	100.0
o2782	2	66.6666666667
o2783	3	100.0
o2784	3	100.0
o2785	3	100.0
o2786	3	100.0
o2787	3	100.0
o2788	3	100.0
o2789	3	100.0
o2790	3	100.0
o2791	3	100.0
o2792	3	100.0
o2793	3	100.0
o2794	2	66.6666666667
o2795	3	100.0
o2796	3	100.0
o2797	2	66.6666666667
o2798	1	33.3333333333
o2799	3	100.0
o2800	3	100.0
o2801	3	100.0
o2802	3	100.0
o2803	3	100.0
o2804	3	100.0
o2805	3	100.0
o2806	2	66.6666666667
o2807	2	66.6666666667
o2808	3	100.0
o2809	1	33.3333333333
o2810	3	100.0
o2811	3	100.0
o2812	3	100.0
o2813	3	100.0
o2814	3	100.0
o2815	3	100.0
o2816	3	100.0
o2817	3	100.0
o2818	3	100.0
o2819	2	66.6666666667
o2820	3	100.0
o2821	3	100.0
o2822	3	100.0
o2823	3	100.0
o2824	1	33.3333333333
o2825	3	100.0
o2826	3	100.0
o2827	2	66.6666666667
o2828	2	66.6666666667
o2829	3	100.0
o2830	3	100.0
o2831	3	100.0
o2832	3	100.0
o2833	3	100.0
o2834	3	100.0
o2835	3	100.0
o2836	2	66.6666666667
o2837	3	100.0
o2838	2	66.6666666667
o2839	3	100.0
o2840	3	100.0
o2841	3	100.0
o2842	1	33.3333333333
o2843	1	33.3333333333
o2844	3	100.0
o2845	3	100.0
o2846	3	100.0
o2847	3	100.0
o2848	3	100.0
o2849	2	66.6666666667
o2850	3	100.0
o2851	0	0.0
o2852	3	100.0
o2853	2	66.6666666667
o2854	3	100.0
o2855	3	100.0
o2856	1	33.3333333333
o2857	2	66.6666666667
o2858	3	100.0
o2859	3	100.0
o2860	2	66.6666666667
o2861	3	100.0
o2862	1	33.3333333333
o2863	2	66.6666666667
o2864	3	100.0
o2865	3	100.0
o2866	3	100.0
o2867	3	100.0
o2868	3	100.0
o2869	3	100.0
o2870	3	100.0
o2871	3	100.0
o2872	3	100.0
o2873	3	100.0
o2874	3	100.0
o2875	3	100.0
o2876	3	100.0
o2877	3	100.0
o2878	1	33.3333333333
o2879	3	100.0
o2880	2	66.6666666667
o2881	3	100.0
o2882	2	66.6666666667
o2883	3	100.0
o2884	3	100.0
o2885	3	100.0
o2886	3	100.0
o2887	2	66.6666666667
o2888	2	66.6666666667
o2889	3	100.0
o2890	3	100.0
o2891	3	100.0
o2892	3	100.0
o2893	3	100.0
o2894	3	100.0
o2895	2	66.6666666667
o2896	3	100.0
o2897	2	66.6666666667
o2898	3	100.0
o2899	3	100.0
o2900	3	100.0
o2901	3	100.0
o2902	3	100.0
o2903	3	100.0
o2904	3	100.0
o2905	3	100.0
o2906	3	100.0
o2907	3	100.0
o2908	3	100.0
o2909	2	66.6666666667
o2910	3	100.0
o2911	3	100.0
o2912	3	100.0
o2913	3	100.0
o2914	3	100.0
o2915	3	100.0
o2916	3	100.0
o2917	3	100.0
o2918	3	100.0
o2919	2	66.6666666667
o2920	3	100.0
o2921	3	100.0
o2922	3	100.0
o2923	2	66.6666666667
o2924	2	66.6666666667
o2925	2	66.6666666667
o2926	3	100.0
o2927	2	66.6666666667
o2928	3	100.0
o2929	3	100.0
o2930	3	100.0
o2931	3	100.0
o2932	3	100.0
o2933	3	100.0
o2934	3	100.0
o2935	3	100.0
o2936	2	66.6666666667
o2937	3	100.0
o2938	3	100.0
o2939	3	100.0
o2940	3	100.0
o2941	3	100.0
o2942	1	33.3333333333
o2943	3	100.0
o2944	2	66.6666666667
o2945	3	100.0
o2946	3	100.0
o2947	2	66.6666666667
o2948	3	100.0
o2949	3	100.0
o2950	3	100.0
o2951	2	66.6666666667
o2952	3	100.0
o2953	3	100.0
o2954	3	100.0
o2955	2	66.6666666667
o2956	3	100.0
o2957	3	100.0
o2958	3	100.0
o2959	3	100.0
o2960	3	100.0
o2961	3	100.0
o2962	3	100.0
o2963	3	100.0
o2964	3	100.0
o2965	3	100.0
o2966	2	66.6666666667
o2967	3	100.0
o2968	3	100.0
o2969	3	100.0
o2970	1	33.3333333333
o2971	3	100.0
o2972	3	100.0
o2973	3	100.0
o2974	3	100.0
o2975	3	100.0
o2976	3	100.0
o2977	2	66.6666666667
o2978	3	100.0
o2979	3	100.0
o2980	3	100.0
o2981	3	100.0
o2982	2	66.6666666667
o2983	3	100.0
o2984	3	100.0
o2985	3	100.0
o2986	3	100.0
o2987	3	100.0
o2988	3	100.0
o2989	3	100.0
o2990	3	100.0
o2991	3	100.0
o2992	2	66.6666666667
o2993	3	100.0
o2994	3	100.0
o2995	1	33.3333333333
o2996	3	100.0
o2997	3	100.0
o2998	3	100.0
o2999	3	100.0
o3000	2	66.6666666667
o3001	3	100.0
o3002	2	66.6666666667
o3003	1	33.3333333333
o3004	2	66.6666666667
o3005	2	66.6666666667
o3006	1	33.3333333333
o3007	3	100.0
o3008	3	100.0
o3009	3	100.0
o3010	3	100.0
o3011	3	100.0
o3012	3	100.0
o3013	3	100.0
o3014	3	100.0
o3015	1	33.3333333333
o3016	3	100.0
o3017	1	33.3333333333
o3018	3	100.0
o3019	3	100.0
o3020	3	100.0
o3021	3	100.0
o3022	1	33.3333333333
o3023	3	100.0
o3024	3	100.0
o3025	3	100.0
o3026	3	100.0
o3027	1	33.3333333333
o3028	2	66.6666666667
o3029	3	100.0
o3030	2	66.6666666667
o3031	3	100.0
o3032	3	100.0
o3033	3	100.0
o3034	1	33.3333333333
o3035	1	33.3333333333
o3036	2	66.6666666667
o3037	3	100.0
o3038	3	100.0
o3039	3	100.0
o3040	3	100.0
o3041	3	100.0
o3042	3	100.0
o3043	3	100.0
o3044	3	100.0
o3045	3	100.0
o3046	3	100.0
o3047	3	100.0
o3048	3	100.0
o3049	2	66.6666666667
o3050	2	66.6666666667
o3051	3	100.0
o3052	3	100.0
o3053	3	100.0
o3054	0	0.0
o3055	3	100.0
o3056	2	66.6666666667
o3057	3	100.0
o3058	2	66.6666666667
o3059	2	66.6666666667
o3060	3	100.0
o3061	3	100.0
o3062	3	100.0
o3063	3	100.0
o3064	3	100.0
o3065	2	66.6666666667
o3066	2	66.6666666667
o3067	2	66.6666666667
o3068	2	66.6666666667
o3069	1	33.3333333333
o3070	3	100.0
o3071	3	100.0
o3072	3	100.0
o3073	2	66.6666666667
o3074	3	100.0
o3075	2	66.6666666667
o3076	1	33.3333333333
o3077	3	100.0
o3078	3	100.0
o3079	3	100.0
o3080	3	100.0
o3081	3	100.0
o3082	1	33.3333333333
o3083	3	100.0
o3084	2	66.6666666667
o3085	3	100.0
o3086	2	66.6666666667
o3087	3	100.0
o3088	1	33.3333333333
o3089	1	33.3333333333
o3090	3	100.0
o3091	3	100.0
o3092	3	100.0
o3093	3	100.0
o3094	3	100.0
o3095	3	100.0
o3096	3	100.0
o3097	3	100.0
o3098	3	100.0
o3099	2	66.6666666667
o3100	3	100.0
o3101	3	100.0
o3102	3	100.0
o3103	3	100.0
o3104	3	100.0
o3105	3	100.0
o3106	3	100.0
o3107	3	100.0
o3108	3	100.0
o3109	3	100.0
o3110	3	100.0
o3111	3	100.0
o3112	1	33.3333333333
o3113	3	100.0
o3114	3	100.0
o3115	3	100.0
o3116	3	100.0
o3117	3	100.0
o3118	2	66.6666666667
o3119	3	100.0
o3120	3	100.0
o3121	3	100.0
o3122	3	100.0
o3123	3	100.0
o3124	3	100.0
o3125	3	100.0
o3126	3	100.0
o3127	3	100.0
o3128	3	100.0
o3129	1	33.3333333333
o3130	3	100.0
o3131	3	100.0
o3132	3	100.0
o3133	3	100.0
o3134	2	66.6666666667
o3135	2	66.6666666667
o3136	3	100.0
o3137	2	66.6666666667
o3138	3	100.0
o3139	3	100.0
o3140	3	100.0
o3141	3	100.0
o3142	3	100.0
o3143	3	100.0
o3144	3	100.0
o3145	3	100.0
o3146	3	100.0
o3147	3	100.0
o3148	3	100.0
o3149	3	100.0
o3150	3	100.0
o3151	2	66.6666666667
o3152	3	100.0
o3153	3	100.0
o3154	3	100.0
o3155	3	100.0
o3156	3	100.0
o3157	3	100.0
o3158	3	100.0
o3159	3	100.0
o3160	3	100.0
o3161	3	100.0
o3162	3	100.0
o3163	3	100.0
o3164	3	100.0
o3165	3	100.0
o3166	3	100.0
o3167	3	100.0
o3168	2	66.6666666667
o3169	3	100.0
o3170	2	66.6666666667
o3171	3	100.0
o3172	2	66.6666666667
o3173	3	100.0
o3174	1	33.3333333333
o3175	2	66.6666666667
o3176	2	66.6666666667
o3177	1	33.3333333333
o3178	3	100.0
o3179	3	100.0
o3180	3	100.0
o3181	3	100.0
o3182	2	66.6666666667
o3183	3	100.0
o3184	3	100.0
o3185	3	100.0
o3186	3	100.0
o3187	1	33.3333333333
o3188	3	100.0
o3189	3	100.0
o3190	3	100.0
o3191	3	100.0
o3192	3	100.0
o3193	3	100.0
o3194	3	100.0
o3195	3	100.0
o3196	3	100.0
o3197	3	100.0
o3198	3	100.0
o3199	2	66.6666666667
o3200	3	100.0
o3201	3	100.0
o3202	3	100.0
o3203	2	66.6666666667
o3204	3	100.0
o3205	2	66.6666666667
o3206	3	100.0
o3207	2	66.6666666667
o3208	3	100.0
o3209	2	66.6666666667
o3210	3	100.0
o3211	3	100.0
o3212	2	66.6666666667
o3213	3	100.0
o3214	3	100.0
o3215	3	100.0
o3216	3	100.0
o3217	3	100.0
o3218	3	100.0
o3219	3	100.0
o3220	3	100.0
o3221	3	100.0
o3222	3	100.0
o3223	3	100.0
o3224	3	100.0
o3225	3	100.0
o3226	2	66.6666666667
o3227	3	100.0
o3228	2	66.6666666667
o3229	3	100.0
o3230	3	100.0
o3231	3	100.0
o3232	3	100.0
o3233	3	100.0
o3234	3	100.0
o3235	3	100.0
o3236	3	100.0
o3237	3	100.0
o3238	3	100.0
o3239	3	100.0
o3240	3	100.0
o3241	3	100.0
o3242	1	33.3333333333
o3243	3	100.0
o3244	3	100.0
o3245	1	33.3333333333
o3246	3	100.0
o3247	2	66.6666666667
o3248	3	100.0
o3249	1	33.3333333333
o3250	2	66.6666666667
o3251	3	100.0
o3252	3	100.0
o3253	3	100.0
o3254	2	66.6666666667
o3255	3	100.0
o3256	3	100.0
o3257	3	100.0
o3258	2	66.6666666667
o3259	3	100.0
o3260	3	100.0
o3261	3	100.0
o3262	2	66.6666666667
o3263	3	100.0
o3264	2	66.6666666667
o3265	2	66.6666666667
o3266	3	100.0
o3267	3	100.0
o3268	3	100.0
o3269	3	100.0
o3270	3	100.0
o3271	3	100.0
o3272	3	100.0
o3273	3	100.0
o3274	2	66.6666666667
o3275	3	100.0
o3276	3	100.0
o3277	3	100.0
o3278	1	33.3333333333
o3279	3	100.0
o3280	3	100.0
o3281	3	100.0
o3282	3	100.0
o3283	3	100.0
o3284	3	100.0
o3285	3	100.0
o3286	3	100.0
o3287	2	66.6666666667
o3288	3	100.0
o3289	3	100.0
o3290	3	100.0
o3291	3	100.0
o3292	3	100.0
o3293	3	100.0
o3294	2	66.6666666667
o3295	3	100.0
o3296	1	33.3333333333
o3297	2	66.6666666667
o3298	3	100.0
o3299	3	100.0
o3300	3	100.0
o3301	1	33.3333333333
o3302	1	33.3333333333
o3303	3	100.0
o3304	3	100.0
o3305	3	100.0
o3306	3	100.0
o3307	2	66.6666666667
o3308	3	100.0
o3309	2	66.6666666667
o3310	3	100.0
o3311	2	66.6666666667
o3312	1	33.3333333333
o3313	3	100.0
o3314	3	100.0
o3315	3	100.0
o3316	2	66.6666666667
o3317	1	33.3333333333
o3318	3	100.0
o3319	3	100.0
o3320	3	100.0
o3321	2	66.6666666667
o3322	3	100.0
o3323	3	100.0
o3324	1	33.3333333333
o3325	2	66.6666666667
o3326	3	100.0
o3327	3	100.0
o3328	3	100.0
o3329	3	100.0
o3330	3	100.0
o3331	1	33.3333333333
o3332	2	66.6666666667
o3333	2	66.6666666667
o3334	3	100.0
o3335	3	100.0
o3336	3	100.0
o3337	3	100.0
o3338	3	100.0
o3339	3	100.0
o3340	2	66.6666666667
o3341	3	100.0
o3342	3	100.0
o3343	3	100.0
o3344	3	100.0
o3345	3	100.0
o3346	2	66.6666666667
o3347	3	100.0
o3348	3	100.0
o3349	3	100.0
o3350	3	100.0
o3351	3	100.0
o3352	3	100.0
o3353	3	100.0
o3354	3	100.0
o3355	3	100.0
o3356	3	100.0
o3357	3	100.0
o3358	3	100.0
o3359	3	100.0
o3360	3	100.0
o3361	1	33.3333333333
o3362	3	100.0
o3363	3	100.0
o3364	2	66.6666666667
o3365	3	100.0
o3366	3	100.0
o3367	3	100.0
o3368	3	100.0
o3369	2	66.6666666667
o3370	3	100.0
o3371	2	66.6666666667
o3372	2	66.6666666667
o3373	3	100.0
o3374	3	100.0
o3375	2	66.6666666667
o3376	2	66.6666666667
o3377	2	66.6666666667
o3378	3	100.0
o3379	3	100.0
o3380	3	100.0
o3381	3	100.0
o3382	3	100.0
o3383	2	66.6666666667
o3384	2	66.6666666667
o3385	2	66.6666666667
o3386	3	100.0
o3387	3	100.0
o3388	3	100.0
o3389	3	100.0
o3390	3	100.0
o3391	3	100.0
o3392	3	100.0
o3393	3	100.0
o3394	2	66.6666666667
o3395	2	66.6666666667
o3396	1	33.3333333333
o3397	1	33.3333333333
o3398	3	100.0
o3399	2	66.6666666667
o3400	3	100.0
o3401	3	100.0
o3402	3	100.0
o3403	1	33.3333333333
o3404	2	66.6666666667
o3405	3	100.0
o3406	3	100.0
o3407	3	100.0
o3408	3	100.0
o3409	2	66.6666666667
o3410	3	100.0
o3411	3	100.0
o3412	3	100.0
o3413	3	100.0
o3414	3	100.0
o3415	3	100.0
o3416	3	100.0
o3417	3	100.0
o3418	3	100.0
o3419	3	100.0
o3420	3	100.0
o3421	3	100.0
o3422	2	66.6666666667
o3423	1	33.3333333333
o3424	3	100.0
o3425	3	100.0
o3426	3	100.0
o3427	3	100.0
o3428	3	100.0
o3429	3	100.0
o3430	2	66.6666666667
o3431	3	100.0
o3432	3	100.0
o3433	3	100.0
o3434	3	100.0
o3435	3	100.0
o3436	3	100.0
o3437	3	100.0
o3438	2	66.6666666667
o3439	3	100.0
o3440	3	100.0
o3441	3	100.0
o3442	3	100.0
o3443	3	100.0
o3444	1	33.3333333333
o3445	3	100.0
o3446	2	66.6666666667
o3447	3	100.0
o3448	3	100.0
o3449	3	100.0
o3450	2	66.6666666667
o3451	3	100.0
o3452	3	100.0
o3453	3	100.0
o3454	3	100.0
o3455	3	100.0
o3456	2	66.6666666667
o3457	2	66.6666666667
o3458	3	100.0
o3459	3	100.0
o3460	3	100.0
o3461	3	100.0
o3462	2	66.6666666667
o3463	2	66.6666666667
o3464	3	100.0
o3465	3	100.0
o3466	3	100.0
o3467	2	66.6666666667
o3468	2	66.6666666667
o3469	3	100.0
o3470	3	100.0
o3471	2	66.6666666667
o3472	3	100.0
o3473	3	100.0
o3474	1	33.3333333333
o3475	2	66.6666666667
o3476	3	100.0
o3477	3	100.0
o3478	1	33.3333333333
o3479	3	100.0
o3480	3	100.0
o3481	1	33.3333333333
o3482	3	100.0
o3483	0	0.0
o3484	1	33.3333333333
o3485	3	100.0
o3486	3	100.0
o3487	3	100.0
o3488	3	100.0
o3489	3	100.0
o3490	3	100.0
o3491	2	66.6666666667
o3492	2	66.6666666667
o3493	2	66.6666666667
o3494	3	100.0
o3495	3	100.0
o3496	3	100.0
o3497	3	100.0
o3498	3	100.0
o3499	2	66.6666666667
o3500	3	100.0
o3501	3	100.0
o3502	2	66.6666666667
o3503	3	100.0
o3504	3	100.0
o3505	3	100.0
o3506	3	100.0
o3507	3	100.0
o3508	3	100.0
o3509	1	33.3333333333
o3510	2	66.6666666667
o3511	3	100.0
o3512	2	66.6666666667
o3513	3	100.0
o3514	2	66.6666666667
o3515	3	100.0
o3516	3	100.0
o3517	3	100.0
o3518	3	100.0
o3519	3	100.0
o3520	3	100.0
o3521	2	66.6666666667
o3522	3	100.0
o3523	2	66.6666666667
o3524	3	100.0
o3525	3	100.0
o3526	2	66.6666666667
o3527	3	100.0
o3528	3	100.0
o3529	3	100.0
o3530	1	33.3333333333
o3531	2	66.6666666667
o3532	1	33.3333333333
o3533	3	100.0
o3534	3	100.0
o3535	1	33.3333333333
o3536	3	100.0
o3537	1	33.3333333333
o3538	3	100.0
o3539	1	33.3333333333
o3540	3	100.0
o3541	3	100.0
o3542	3	100.0
o3543	3	100.0
o3544	3	100.0
o3545	3	100.0
o3546	3	100.0
o3547	3	100.0
o3548	3	100.0
o3549	3	100.0
o3550	3	100.0
o3551	1	33.3333333333
o3552	1	33.3333333333
o3553	2	66.6666666667
o3554	3	100.0
o3555	2	66.6666666667
o3556	2	66.6666666667
o3557	2	66.6666666667
o3558	3	100.0
o3559	3	100.0
o3560	3	100.0
o3561	3	100.0
o3562	3	100.0
o3563	3	100.0
o3564	2	66.6666666667
o3565	3	100.0
o3566	2	66.6666666667
o3567	1	33.3333333333
o3568	3	100.0
o3569	1	33.3333333333
o3570	3	100.0
o3571	1	33.3333333333
o3572	3	100.0
o3573	3	100.0
o3574	3	100.0
o3575	3	100.0
o3576	2	66.6666666667
o3577	3	100.0
o3578	3	100.0
o3579	3	100.0
o3580	1	33.3333333333
o3581	2	66.6666666667
o3582	3	100.0
o3583	3	100.0
o3584	3	100.0
o3585	3	100.0
o3586	3	100.0
o3587	3	100.0
o3588	3	100.0
o3589	3	100.0
o3590	3	100.0
o3591	3	100.0
o3592	3	100.0
o3593	3	100.0
o3594	3	100.0
o3595	3	100.0
o3596	3	100.0
o3597	3	100.0
o3598	3	100.0
o3599	3	100.0
o3600	3	100.0
o3601	2	66.6666666667
o3602	2	66.6666666667
o3603	2	66.6666666667
o3604	3	100.0
o3605	3	100.0
o3606	3	100.0
o3607	3	100.0
o3608	1	33.3333333333
o3609	2	66.6666666667
o3610	3	100.0
o3611	2	66.6666666667
o3612	3	100.0
o3613	3	100.0
o3614	2	66.6666666667
o3615	2	66.6666666667
o3616	2	66.6666666667
o3617	3	100.0
o3618	3	100.0
o3619	2	66.6666666667
o3620	3	100.0
o3621	2	66.6666666667
o3622	2	66.6666666667
o3623	3	100.0
o3624	3	100.0
o3625	3	100.0
o3626	3	100.0
o3627	2	66.6666666667
o3628	3	100.0
o3629	2	66.6666666667
o3630	2	66.6666666667
o3631	3	100.0
o3632	3	100.0
o3633	3	100.0
o3634	3	100.0
o3635	3	100.0
o3636	3	100.0
o3637	3	100.0
o3638	2	66.6666666667
o3639	1	33.3333333333
o3640	2	66.6666666667
o3641	3	100.0
o3642	3	100.0
o3643	2	66.6666666667
o3644	3	100.0
o3645	3	100.0
o3646	3	100.0
o3647	3	100.0
o3648	2	66.6666666667
o3649	3	100.0
o3650	3	100.0
o3651	2	66.6666666667
o3652	3	100.0
o3653	3	100.0
o3654	3	100.0
o3655	3	100.0
o3656	3	100.0
o3657	3	100.0
o3658	3	100.0
o3659	2	66.6666666667
o3660	3	100.0
o3661	3	100.0
o3662	2	66.6666666667
o3663	3	100.0
o3664	3	100.0
o3665	2	66.6666666667
o3666	3	100.0
o3667	2	66.6666666667
o3668	3	100.0
o3669	3	100.0
o3670	3	100.0
o3671	2	66.6666666667
o3672	3	100.0
o3673	3	100.0
o3674	3	100.0
o3675	3	100.0
o3676	2	66.6666666667
o3677	3	100.0
o3678	2	66.6666666667
o3679	3	100.0
o3680	3	100.0
o3681	3	100.0
o3682	3	100.0
o3683	3	100.0
o3684	3	100.0
o3685	3	100.0
o3686	0	0.0
o3687	3	100.0
o3688	3	100.0
o3689	2	66.6666666667
o3690	3	100.0
o3691	1	33.3333333333
o3692	3	100.0
o3693	3	100.0
o3694	3	100.0
o3695	2	66.6666666667
o3696	2	66.6666666667
o3697	3	100.0
o3698	3	100.0
o3699	1	33.3333333333
o3700	1	33.3333333333
o3701	3	100.0
o3702	3	100.0
o3703	2	66.6666666667
o3704	3	100.0
o3705	3	100.0
o3706	3	100.0
o3707	2	66.6666666667
o3708	3	100.0
o3709	3	100.0
o3710	2	66.6666666667
o3711	2	66.6666666667
o3712	1	33.3333333333
o3713	3	100.0
o3714	3	100.0
o3715	2	66.6666666667
o3716	3	100.0
o3717	3	100.0
o3718	3	100.0
o3719	3	100.0
o3720	3	100.0
o3721	3	100.0
o3722	3	100.0
o3723	1	33.3333333333
o3724	1	33.3333333333
o3725	3	100.0
o3726	2	66.6666666667
o3727	3	100.0
o3728	3	100.0
o3729	3	100.0
o3730	3	100.0
o3731	2	66.6666666667
o3732	3	100.0
o3733	3	100.0
o3734	3	100.0
o3735	3	100.0
o3736	3	100.0
o3737	3	100.0
o3738	3	100.0
o3739	3	100.0
o3740	3	100.0
o3741	3	100.0
o3742	3	100.0
o3743	3	100.0
o3744	3	100.0
o3745	3	100.0
o3746	3	100.0
o3747	1	33.3333333333
o3748	3	100.0
o3749	3	100.0
o3750	3	100.0
o3751	3	100.0
o3752	3	100.0
o3753	3	100.0
o3754	2	66.6666666667
o3755	2	66.6666666667
o3756	3	100.0
o3757	3	100.0
o3758	3	100.0
o3759	3	100.0
o3760	2	66.6666666667
o3761	3	100.0
o3762	3	100.0
o3763	3	100.0
o3764	3	100.0
o3765	3	100.0
o3766	3	100.0
o3767	3	100.0
o3768	3	100.0
o3769	2	66.6666666667
o3770	3	100.0
o3771	3	100.0
o3772	3	100.0
o3773	3	100.0
o3774	3	100.0
o3775	1	33.3333333333
o3776	3	100.0
o3777	3	100.0
o3778	2	66.6666666667
o3779	1	33.3333333333
o3780	3	100.0
o3781	3	100.0
o3782	3	100.0
o3783	3	100.0
o3784	3	100.0
o3785	3	100.0
o3786	3	100.0
o3787	3	100.0
o3788	3	100.0
o3789	3	100.0
o3790	1	33.3333333333
o3791	3	100.0
o3792	2	66.6666666667
o3793	3	100.0
o3794	3	100.0
o3795	3	100.0
o3796	3	100.0
o3797	3	100.0
o3798	3	100.0
o3799	2	66.6666666667
o3800	1	33.3333333333
o3801	3	100.0
o3802	2	66.6666666667
o3803	3	100.0
o3804	3	100.0
o3805	3	100.0
o3806	3	100.0
o3807	3	100.0
o3808	3	100.0
o3809	3	100.0
o3810	3	100.0
o3811	3	100.0
o3812	3	100.0
o3813	2	66.6666666667
o3814	3	100.0
o3815	3	100.0
o3816	3	100.0
o3817	2	66.6666666667
o3818	2	66.6666666667
o3819	3	100.0
o3820	3	100.0
o3821	2	66.6666666667
o3822	3	100.0
o3823	2	66.6666666667
o3824	3	100.0
o3825	3	100.0
o3826	3	100.0
o3827	3	100.0
o3828	3	100.0
o3829	3	100.0
o3830	3	100.0
o3831	3	100.0
o3832	3	100.0
o3833	3	100.0
o3834	3	100.0
o3835	2	66.6666666667
o3836	1	33.3333333333
o3837	3	100.0
o3838	2	66.6666666667
o3839	2	66.6666666667
o3840	1	33.3333333333
o3841	1	33.3333333333
o3842	2	66.6666666667
o3843	2	66.6666666667
o3844	3	100.0
o3845	3	100.0
o3846	3	100.0
o3847	3	100.0
o3848	3	100.0
o3849	2	66.6666666667
o3850	2	66.6666666667
o3851	3	100.0
o3852	3	100.0
o3853	3	100.0
o3854	3	100.0
o3855	3	100.0
o3856	3	100.0
o3857	3	100.0
o3858	1	33.3333333333
o3859	2	66.6666666667
o3860	3	100.0
o3861	3	100.0
o3862	3	100.0
o3863	3	100.0
o3864	2	66.6666666667
o3865	3	100.0
o3866	3	100.0
o3867	3	100.0
o3868	3	100.0
o3869	3	100.0
o3870	3	100.0
o3871	1	33.3333333333
o3872	3	100.0
o3873	3	100.0
o3874	3	100.0
o3875	3	100.0
o3876	3	100.0
o3877	3	100.0
o3878	3	100.0
o3879	3	100.0
o3880	3	100.0
o3881	3	100.0
o3882	3	100.0
o3883	3	100.0
o3884	3	100.0
o3885	2	66.6666666667
o3886	2	66.6666666667
o3887	3	100.0
o3888	2	66.6666666667
o3889	2	66.6666666667
o3890	3	100.0
o3891	3	100.0
o3892	3	100.0
o3893	3	100.0
o3894	3	100.0
o3895	2	66.6666666667
o3896	3	100.0
o3897	3	100.0
o3898	3	100.0
o3899	3	100.0
o3900	3	100.0
o3901	3	100.0
o3902	3	100.0
o3903	3	100.0
o3904	2	66.6666666667
o3905	3	100.0
o3906	3	100.0
o3907	1	33.3333333333
o3908	0	0.0
o3909	3	100.0
o3910	3	100.0
o3911	2	66.6666666667
o3912	3	100.0
o3913	3	100.0
o3914	3	100.0
o3915	3	100.0
o3916	3	100.0
o3917	2	66.6666666667
o3918	3	100.0
o3919	3	100.0
o3920	2	66.6666666667
o3921	3	100.0
o3922	3	100.0
o3923	3	100.0
o3924	3	100.0
o3925	3	100.0
o3926	3	100.0
o3927	3	100.0
o3928	3	100.0
o3929	3	100.0
o3930	3	100.0
o3931	3	100.0
o3932	2	66.6666666667
o3933	3	100.0
o3934	3	100.0
o3935	3	100.0
o3936	3	100.0
o3937	3	100.0
o3938	3	100.0
o3939	3	100.0
o3940	3	100.0
o3941	2	66.6666666667
o3942	3	100.0
o3943	3	100.0
o3944	3	100.0
o3945	2	66.6666666667
o3946	2	66.6666666667
o3947	3	100.0
o3948	3	100.0
o3949	3	100.0
o3950	3	100.0
o3951	3	100.0
o3952	3	100.0
o3953	1	33.3333333333
o3954	3	100.0
o3955	3	100.0
o3956	3	100.0
o3957	3	100.0
o3958	3	100.0
o3959	3	100.0
o3960	3	100.0
o3961	3	100.0
o3962	1	33.3333333333
o3963	3	100.0
o3964	3	100.0
o3965	2	66.6666666667
o3966	3	100.0
o3967	3	100.0
o3968	3	100.0
o3969	3	100.0
o3970	3	100.0
o3971	2	66.6666666667
o3972	2	66.6666666667
o3973	2	66.6666666667
o3974	3	100.0
o3975	3	100.0
o3976	3	100.0
o3977	3	100.0
o3978	3	100.0
o3979	3	100.0
o3980	3	100.0
o3981	3	100.0
o3982	3	100.0
o3983	2	66.6666666667
o3984	3	100.0
o3985	3	100.0
o3986	0	0.0
o3987	3	100.0
o3988	3	100.0
o3989	1	33.3333333333
o3990	3	100.0
o3991	3	100.0
o3992	3	100.0
o3993	3	100.0
o3994	3	100.0
o3995	3	100.0
o3996	3	100.0
o3997	2	66.6666666667
o3998	3	100.0
o3999	3	100.0
o4000	3	100.0
o4001	3	100.0
o4002	3	100.0
o4003	3	100.0
o4004	3	100.0
o4005	2	66.6666666667
o4006	3	100.0
o4007	2	66.6666666667
o4008	2	66.6666666667
o4009	2	66.6666666667
o4010	3	100.0
o4011	3	100.0
o4012	3	100.0
o4013	3	100.0
o4014	2	66.6666666667
o4015	3	100.0
o4016	3	100.0
o4017	3	100.0
o4018	2	66.6666666667
o4019	2	66.6666666667
o4020	2	66.6666666667
o4021	3	100.0
o4022	3	100.0
o4023	3	100.0
o4024	3	100.0
o4025	3	100.0
o4026	3	100.0
o4027	3	100.0
o4028	3	100.0
o4029	2	66.6666666667
o4030	3	100.0
o4031	2	66.6666666667
o4032	3	100.0
o4033	1	33.3333333333
o4034	2	66.6666666667
o4035	3	100.0
o4036	2	66.6666666667
o4037	3	100.0
o4038	3	100.0
o4039	3	100.0
o4040	1	33.3333333333
o4041	3	100.0
o4042	3	100.0
o4043	2	66.6666666667
o4044	3	100.0
o4045	3	100.0
o4046	2	66.6666666667
o4047	3	100.0
o4048	3	100.0
o4049	1	33.3333333333
o4050	3	100.0
o4051	3	100.0
o4052	3	100.0
o4053	2	66.6666666667
o4054	3	100.0
o4055	3	100.0
o4056	3	100.0
o4057	3	100.0
o4058	3	100.0
o4059	2	66.6666666667
o4060	1	33.3333333333
o4061	1	33.3333333333
o4062	3	100.0
o4063	3	100.0
o4064	1	33.3333333333
o4065	3	100.0
o4066	3	100.0
o4067	3	100.0
o4068	3	100.0
o4069	3	100.0
o4070	3	100.0
o4071	3	100.0
o4072	2	66.6666666667
o4073	3	100.0
o4074	3	100.0
o4075	3	100.0
o4076	3	100.0
o4077	1	33.3333333333
o4078	3	100.0
o4079	1	33.3333333333
o4080	3	100.0
o4081	2	66.6666666667
o4082	2	66.6666666667
o4083	2	66.6666666667
o4084	1	33.3333333333
o4085	3	100.0
o4086	3	100.0
o4087	3	100.0
o4088	3	100.0
o4089	3	100.0
o4090	2	66.6666666667
o4091	2	66.6666666667
o4092	3	100.0
o4093	3	100.0
o4094	3	100.0
o4095	2	66.6666666667
o4096	2	66.6666666667
o4097	3	100.0
o4098	1	33.3333333333
o4099	3	100.0
o4100	3	100.0
o4101	3	100.0
o4102	3	100.0
o4103	3	100.0
o4104	3	100.0
o4105	3	100.0
o4106	3	100.0
o4107	3	100.0
o4108	2	66.6666666667
o4109	3	100.0
o4110	3	100.0
o4111	1	33.3333333333
o4112	2	66.6666666667
o4113	2	66.6666666667
o4114	3	100.0
o4115	1	33.3333333333
o4116	3	100.0
o4117	1	33.3333333333
o4118	1	33.3333333333
o4119	3	100.0
o4120	3	100.0
o4121	2	66.6666666667
o4122	3	100.0
o4123	3	100.0
o4124	2	66.6666666667
o4125	3	100.0
o4126	3	100.0
o4127	3	100.0
o4128	3	100.0
o4129	1	33.3333333333
o4130	3	100.0
o4131	3	100.0
o4132	3	100.0
o4133	3	100.0
o4134	1	33.3333333333
o4135	3	100.0
o4136	2	66.6666666667
o4137	3	100.0
o4138	3	100.0
o4139	2	66.6666666667
o4140	3	100.0
o4141	3	100.0
o4142	1	33.3333333333
o4143	3	100.0
o4144	3	100.0
o4145	3	100.0
o4146	3	100.0
o4147	3	100.0
o4148	3	100.0
o4149	3	100.0
o4150	3	100.0
o4151	3	100.0
o4152	3	100.0
o4153	2	66.6666666667
o4154	1	33.3333333333
o4155	3	100.0
o4156	3	100.0
o4157	3	100.0
o4158	3	100.0
o4159	2	66.6666666667
o4160	3	100.0
o4161	3	100.0
o4162	1	33.3333333333
o4163	3	100.0
o4164	2	66.6666666667
o4165	3	100.0
o4166	2	66.6666666667
o4167	3	100.0
o4168	1	33.3333333333
o4169	3	100.0
o4170	3	100.0
o4171	3	100.0
o4172	2	66.6666666667
o4173	3	100.0
o4174	3	100.0
o4175	3	100.0
o4176	2	66.6666666667
o4177	3	100.0
o4178	3	100.0
o4179	3	100.0
o4180	2	66.6666666667
o4181	3	100.0
o4182	3	100.0
o4183	3	100.0
o4184	3	100.0
o4185	3	100.0
o4186	2	66.6666666667
o4187	3	100.0
o4188	3	100.0
o4189	3	100.0
o4190	3	100.0
o4191	3	100.0
o4192	2	66.6666666667
o4193	3	100.0
o4194	3	100.0
o4195	3	100.0
o4196	3	100.0
o4197	3	100.0
o4198	3	100.0
o4199	3	100.0
o4200	1	33.3333333333
o4201	3	100.0
o4202	3	100.0
o4203	3	100.0
o4204	2	66.6666666667
o4205	2	66.6666666667
o4206	3	100.0
o4207	3	100.0
o4208	3	100.0
o4209	3	100.0
o4210	3	100.0
o4211	3	100.0
o4212	3	100.0
o4213	3	100.0
o4214	3	100.0
o4215	3	100.0
o4216	3	100.0
o4217	3	100.0
o4218	2	66.6666666667
o4219	3	100.0
o4220	3	100.0
o4221	2	66.6666666667
o4222	3	100.0
o4223	3	100.0
o4224	3	100.0
o4225	3	100.0
o4226	3	100.0
o4227	3	100.0
o4228	3	100.0
o4229	3	100.0
o4230	3	100.0
o4231	3	100.0
o4232	3	100.0
o4233	3	100.0
o4234	3	100.0
o4235	2	66.6666666667
o4236	3	100.0
o4237	2	66.6666666667
o4238	3	100.0
o4239	2	66.6666666667
o4240	2	66.6666666667
o4241	3	100.0
o4242	3	100.0
o4243	3	100.0
o4244	1	33.3333333333
o4245	3	100.0
o4246	3	100.0
o4247	3	100.0
o4248	3	100.0
o4249	3	100.0
o4250	3	100.0
o4251	2	66.6666666667
o4252	3	100.0
o4253	3	100.0
o4254	2	66.6666666667
o4255	3	100.0
o4256	3	100.0
o4257	3	100.0
o4258	3	100.0
o4259	3	100.0
o4260	2	66.6666666667
o4261	3	100.0
o4262	2	66.6666666667
o4263	2	66.6666666667
o4264	1	33.3333333333
o4265	3	100.0
o4266	3	100.0
o4267	1	33.3333333333
o4268	3	100.0
o4269	3	100.0
o4270	3	100.0
o4271	2	66.6666666667
o4272	3	100.0
o4273	3	100.0
o4274	3	100.0
o4275	3	100.0
o4276	3	100.0
o4277	3	100.0
o4278	3	100.0
o4279	3	100.0
o4280	3	100.0
o4281	3	100.0
o4282	2	66.6666666667
o4283	2	66.6666666667
o4284	3	100.0
o4285	3	100.0
o4286	3	100.0
o4287	3	100.0
o4288	1	33.3333333333
o4289	3	100.0
o4290	3	100.0
o4291	3	100.0
o4292	2	66.6666666667
o4293	2	66.6666666667
o4294	2	66.6666666667
o4295	3	100.0
o4296	3	100.0
o4297	3	100.0
o4298	2	66.6666666667
o4299	3	100.0
o4300	3	100.0
o4301	2	66.6666666667
o4302	2	66.6666666667
o4303	3	100.0
o4304	3	100.0
o4305	3	100.0
o4306	3	100.0
o4307	2	66.6666666667
o4308	2	66.6666666667
o4309	1	33.3333333333
o4310	1	33.3333333333
o4311	3	100.0
o4312	1	33.3333333333
o4313	3	100.0
o4314	3	100.0
o4315	3	100.0
o4316	3	100.0
o4317	3	100.0
o4318	2	66.6666666667
o4319	3	100.0
o4320	2	66.6666666667
o4321	3	100.0
o4322	3	100.0
o4323	2	66.6666666667
o4324	2	66.6666666667
o4325	2	66.6666666667
o4326	3	100.0
o4327	3	100.0
o4328	1	33.3333333333
o4329	3	100.0
o4330	3	100.0
o4331	2	66.6666666667
o4332	3	100.0
o4333	1	33.3333333333
o4334	3	100.0
o4335	3	100.0
o4336	3	100.0
o4337	3	100.0
o4338	1	33.3333333333
o4339	3	100.0
o4340	3	100.0
o4341	3	100.0
o4342	3	100.0
o4343	1	33.3333333333
o4344	3	100.0
o4345	1	33.3333333333
o4346	1	33.3333333333
o4347	3	100.0
o4348	3	100.0
o4349	3	100.0
o4350	3	100.0
o4351	2	66.6666666667